"dataset","model","seed","mode","train_count","test_count","epochs_ran","best_epoch","best_test_accuracy","best_test_macro_f1","best_test_loss","parameters","config_hash","manifest_sha256","feature_set_hash"
"act4","gnn_alpha","42","formal","400","95","58","33","0.5684210526315789","0.5344991674669577","2.6189691769449333","1607940","3b17f724a014720ea0c0d02a4af3bde25fe4d60c8f53fe0c70ee2c3dd1487aa0","33dd5721f87b129cc7702f94c7202d53df9a3d5e599d762aac5d5bcabc227af9","21780ec92a7e79a7c634c55f510da6aa4e41c9b8b00bc5db0aa095b517566b9c"
"act4","gnn_alpha","1453","formal","400","95","42","17","0.6105263157894737","0.5949494949494949","1.5631299959985834","1607940","3b17f724a014720ea0c0d02a4af3bde25fe4d60c8f53fe0c70ee2c3dd1487aa0","33dd5721f87b129cc7702f94c7202d53df9a3d5e599d762aac5d5bcabc227af9","21780ec92a7e79a7c634c55f510da6aa4e41c9b8b00bc5db0aa095b517566b9c"
"act4","gnn_alpha","666","formal","400","95","35","10","0.5684210526315789","0.5526898664735636","1.2596924693960891","1607940","3b17f724a014720ea0c0d02a4af3bde25fe4d60c8f53fe0c70ee2c3dd1487aa0","33dd5721f87b129cc7702f94c7202d53df9a3d5e599d762aac5d5bcabc227af9","21780ec92a7e79a7c634c55f510da6aa4e41c9b8b00bc5db0aa095b517566b9c"
"act4","gnn_alpha","114514","formal","400","95","85","60","0.5578947368421052","0.5584947538337369","2.246766256031237","1607940","3b17f724a014720ea0c0d02a4af3bde25fe4d60c8f53fe0c70ee2c3dd1487aa0","33dd5721f87b129cc7702f94c7202d53df9a3d5e599d762aac5d5bcabc227af9","21780ec92a7e79a7c634c55f510da6aa4e41c9b8b00bc5db0aa095b517566b9c"
"act4","gnn_alpha","1919810","formal","400","95","34","9","0.5578947368421052","0.5555060367879425","1.2325689453827708","1607940","3b17f724a014720ea0c0d02a4af3bde25fe4d60c8f53fe0c70ee2c3dd1487aa0","33dd5721f87b129cc7702f94c7202d53df9a3d5e599d762aac5d5bcabc227af9","21780ec92a7e79a7c634c55f510da6aa4e41c9b8b00bc5db0aa095b517566b9c"
"act4","treelstm_arch3","42","formal","400","95","67","42","0.7052631578947368","0.6937543133195306","0.8810532689094543","114692","c2b79e7314a28327644f0f14dbad811d5a682db4a55347df059eb7367c21bcc8","33dd5721f87b129cc7702f94c7202d53df9a3d5e599d762aac5d5bcabc227af9","21780ec92a7e79a7c634c55f510da6aa4e41c9b8b00bc5db0aa095b517566b9c"
"act4","treelstm_arch3","1453","formal","400","95","76","51","0.7052631578947368","0.6996613875113316","0.8974016904830933","114692","c2b79e7314a28327644f0f14dbad811d5a682db4a55347df059eb7367c21bcc8","33dd5721f87b129cc7702f94c7202d53df9a3d5e599d762aac5d5bcabc227af9","21780ec92a7e79a7c634c55f510da6aa4e41c9b8b00bc5db0aa095b517566b9c"
"act4","treelstm_arch3","666","formal","400","95","106","81","0.6947368421052632","0.6891185451453309","0.8826027512550354","114692","c2b79e7314a28327644f0f14dbad811d5a682db4a55347df059eb7367c21bcc8","33dd5721f87b129cc7702f94c7202d53df9a3d5e599d762aac5d5bcabc227af9","21780ec92a7e79a7c634c55f510da6aa4e41c9b8b00bc5db0aa095b517566b9c"
"act4","treelstm_arch3","114514","formal","400","95","73","48","0.7263157894736842","0.7174727787456445","0.8319746851921082","114692","c2b79e7314a28327644f0f14dbad811d5a682db4a55347df059eb7367c21bcc8","33dd5721f87b129cc7702f94c7202d53df9a3d5e599d762aac5d5bcabc227af9","21780ec92a7e79a7c634c55f510da6aa4e41c9b8b00bc5db0aa095b517566b9c"
"act4","treelstm_arch3","1919810","formal","400","95","81","56","0.7368421052631579","0.7350523679417122","0.8487789630889893","114692","c2b79e7314a28327644f0f14dbad811d5a682db4a55347df059eb7367c21bcc8","33dd5721f87b129cc7702f94c7202d53df9a3d5e599d762aac5d5bcabc227af9","21780ec92a7e79a7c634c55f510da6aa4e41c9b8b00bc5db0aa095b517566b9c"
"act4","mlp","42","formal","400","95","364","114","0.6421052631578947","0.6358669108669108","1.216634404031854","11092","bfef2a16055533c6ad3c8af6c7a31e4c290a0770dfd7f584e9130e857890682f","33dd5721f87b129cc7702f94c7202d53df9a3d5e599d762aac5d5bcabc227af9","21780ec92a7e79a7c634c55f510da6aa4e41c9b8b00bc5db0aa095b517566b9c"
"act4","mlp","1453","formal","400","95","497","247","0.631578947368421","0.6277674689614989","1.2991832105736985","11092","bfef2a16055533c6ad3c8af6c7a31e4c290a0770dfd7f584e9130e857890682f","33dd5721f87b129cc7702f94c7202d53df9a3d5e599d762aac5d5bcabc227af9","21780ec92a7e79a7c634c55f510da6aa4e41c9b8b00bc5db0aa095b517566b9c"
"act4","mlp","666","formal","400","95","405","155","0.6210526315789474","0.5873563218390804","1.1856766738389668","11092","bfef2a16055533c6ad3c8af6c7a31e4c290a0770dfd7f584e9130e857890682f","33dd5721f87b129cc7702f94c7202d53df9a3d5e599d762aac5d5bcabc227af9","21780ec92a7e79a7c634c55f510da6aa4e41c9b8b00bc5db0aa095b517566b9c"
"act4","mlp","114514","formal","400","95","506","256","0.6421052631578947","0.6348848349367291","1.3355095323763395","11092","bfef2a16055533c6ad3c8af6c7a31e4c290a0770dfd7f584e9130e857890682f","33dd5721f87b129cc7702f94c7202d53df9a3d5e599d762aac5d5bcabc227af9","21780ec92a7e79a7c634c55f510da6aa4e41c9b8b00bc5db0aa095b517566b9c"
"act4","mlp","1919810","formal","400","95","529","279","0.6526315789473685","0.6478004363210684","1.2770864085147255","11092","bfef2a16055533c6ad3c8af6c7a31e4c290a0770dfd7f584e9130e857890682f","33dd5721f87b129cc7702f94c7202d53df9a3d5e599d762aac5d5bcabc227af9","21780ec92a7e79a7c634c55f510da6aa4e41c9b8b00bc5db0aa095b517566b9c"
"jml4","gnn_alpha","42","formal","332","76","53","28","0.75","0.7840647144198754","1.3549884934174388","1607940","51633bb3150c2064b96fd94c29a6df58373fb67795deb3540abf2fcba79acca4","11279e897729a70618e6d4b0afad05a271eccaf6ae4524cb98e5a97a12b6a563","96df7e6345db88b3206e6793fb81145f3c011617ff5ca88e0321d4329dc07cfa"
"jml4","gnn_alpha","1453","formal","332","76","38","13","0.6842105263157895","0.7315453915453916","1.1729619377537777","1607940","51633bb3150c2064b96fd94c29a6df58373fb67795deb3540abf2fcba79acca4","11279e897729a70618e6d4b0afad05a271eccaf6ae4524cb98e5a97a12b6a563","96df7e6345db88b3206e6793fb81145f3c011617ff5ca88e0321d4329dc07cfa"
"jml4","gnn_alpha","666","formal","332","76","34","9","0.6842105263157895","0.7085283211865491","0.7596577123591775","1607940","51633bb3150c2064b96fd94c29a6df58373fb67795deb3540abf2fcba79acca4","11279e897729a70618e6d4b0afad05a271eccaf6ae4524cb98e5a97a12b6a563","96df7e6345db88b3206e6793fb81145f3c011617ff5ca88e0321d4329dc07cfa"
"jml4","gnn_alpha","114514","formal","332","76","56","31","0.7236842105263158","0.7714085712063468","1.1965909349290949","1607940","51633bb3150c2064b96fd94c29a6df58373fb67795deb3540abf2fcba79acca4","11279e897729a70618e6d4b0afad05a271eccaf6ae4524cb98e5a97a12b6a563","96df7e6345db88b3206e6793fb81145f3c011617ff5ca88e0321d4329dc07cfa"
"jml4","gnn_alpha","1919810","formal","332","76","46","21","0.6973684210526315","0.740186403508772","1.287195651154769","1607940","51633bb3150c2064b96fd94c29a6df58373fb67795deb3540abf2fcba79acca4","11279e897729a70618e6d4b0afad05a271eccaf6ae4524cb98e5a97a12b6a563","96df7e6345db88b3206e6793fb81145f3c011617ff5ca88e0321d4329dc07cfa"
"jml4","treelstm_arch3","42","formal","332","76","78","53","0.7236842105263158","0.7644927536231884","0.6927382946014404","114692","a0b0aedf1ef4fa416cef1dbf09b5a61605fa868a896de14f9f1154ad1b90d1e1","11279e897729a70618e6d4b0afad05a271eccaf6ae4524cb98e5a97a12b6a563","96df7e6345db88b3206e6793fb81145f3c011617ff5ca88e0321d4329dc07cfa"
"jml4","treelstm_arch3","1453","formal","332","76","115","90","0.8026315789473685","0.8333333333333333","0.5735574960708618","114692","a0b0aedf1ef4fa416cef1dbf09b5a61605fa868a896de14f9f1154ad1b90d1e1","11279e897729a70618e6d4b0afad05a271eccaf6ae4524cb98e5a97a12b6a563","96df7e6345db88b3206e6793fb81145f3c011617ff5ca88e0321d4329dc07cfa"
"jml4","treelstm_arch3","666","formal","332","76","106","81","0.7763157894736842","0.8276764606551841","0.6431521773338318","114692","a0b0aedf1ef4fa416cef1dbf09b5a61605fa868a896de14f9f1154ad1b90d1e1","11279e897729a70618e6d4b0afad05a271eccaf6ae4524cb98e5a97a12b6a563","96df7e6345db88b3206e6793fb81145f3c011617ff5ca88e0321d4329dc07cfa"
"jml4","treelstm_arch3","114514","formal","332","76","99","74","0.7631578947368421","0.8172696868349042","0.547285258769989","114692","a0b0aedf1ef4fa416cef1dbf09b5a61605fa868a896de14f9f1154ad1b90d1e1","11279e897729a70618e6d4b0afad05a271eccaf6ae4524cb98e5a97a12b6a563","96df7e6345db88b3206e6793fb81145f3c011617ff5ca88e0321d4329dc07cfa"
"jml4","treelstm_arch3","1919810","formal","332","76","76","51","0.7368421052631579","0.7669573643410854","0.7686143517494202","114692","a0b0aedf1ef4fa416cef1dbf09b5a61605fa868a896de14f9f1154ad1b90d1e1","11279e897729a70618e6d4b0afad05a271eccaf6ae4524cb98e5a97a12b6a563","96df7e6345db88b3206e6793fb81145f3c011617ff5ca88e0321d4329dc07cfa"
"jml4","mlp","42","formal","332","76","432","182","0.631578947368421","0.6321022727272727","1.0746169090270996","11092","3cc670e6daa9259175ab825db55c1f956e294904faaf8ed52b19a82ddaebaa4c","11279e897729a70618e6d4b0afad05a271eccaf6ae4524cb98e5a97a12b6a563","96df7e6345db88b3206e6793fb81145f3c011617ff5ca88e0321d4329dc07cfa"
"jml4","mlp","1453","formal","332","76","451","201","0.6052631578947368","0.6000162501805576","1.1783238304288763","11092","3cc670e6daa9259175ab825db55c1f956e294904faaf8ed52b19a82ddaebaa4c","11279e897729a70618e6d4b0afad05a271eccaf6ae4524cb98e5a97a12b6a563","96df7e6345db88b3206e6793fb81145f3c011617ff5ca88e0321d4329dc07cfa"
"jml4","mlp","666","formal","332","76","371","121","0.5921052631578947","0.5919436906377205","1.0561424117339284","11092","3cc670e6daa9259175ab825db55c1f956e294904faaf8ed52b19a82ddaebaa4c","11279e897729a70618e6d4b0afad05a271eccaf6ae4524cb98e5a97a12b6a563","96df7e6345db88b3206e6793fb81145f3c011617ff5ca88e0321d4329dc07cfa"
"jml4","mlp","114514","formal","332","76","322","72","0.5921052631578947","0.5780463010027262","1.0420142820006923","11092","3cc670e6daa9259175ab825db55c1f956e294904faaf8ed52b19a82ddaebaa4c","11279e897729a70618e6d4b0afad05a271eccaf6ae4524cb98e5a97a12b6a563","96df7e6345db88b3206e6793fb81145f3c011617ff5ca88e0321d4329dc07cfa"
"jml4","mlp","1919810","formal","332","76","715","465","0.5921052631578947","0.5980975723622783","1.425778865814209","11092","3cc670e6daa9259175ab825db55c1f956e294904faaf8ed52b19a82ddaebaa4c","11279e897729a70618e6d4b0afad05a271eccaf6ae4524cb98e5a97a12b6a563","96df7e6345db88b3206e6793fb81145f3c011617ff5ca88e0321d4329dc07cfa"
"bil6","gnn_alpha","42","formal","958","242","49","24","0.9214876033057852","0.8472591510048062","0.28151826548182274","1608454","4295921b502f0f58e52230bb16db3eee3c9c0bbc47f3ea24ac58940988f6c98f","0768c79df95f7befc27b064c6534b471c8f4edd687f8df79eca6d8b243653790","75a60c4bdd34d5de0f2ec4bbd9479d39eef39e3b60e81d048023784827f7fc73"
"bil6","gnn_alpha","1453","formal","958","242","58","33","0.9214876033057852","0.8576831946370782","0.2676523559349627","1608454","4295921b502f0f58e52230bb16db3eee3c9c0bbc47f3ea24ac58940988f6c98f","0768c79df95f7befc27b064c6534b471c8f4edd687f8df79eca6d8b243653790","75a60c4bdd34d5de0f2ec4bbd9479d39eef39e3b60e81d048023784827f7fc73"
"bil6","gnn_alpha","666","formal","958","242","47","22","0.9214876033057852","0.8515748611271002","0.26559563289003923","1608454","4295921b502f0f58e52230bb16db3eee3c9c0bbc47f3ea24ac58940988f6c98f","0768c79df95f7befc27b064c6534b471c8f4edd687f8df79eca6d8b243653790","75a60c4bdd34d5de0f2ec4bbd9479d39eef39e3b60e81d048023784827f7fc73"
"bil6","gnn_alpha","114514","formal","958","242","51","26","0.9173553719008265","0.8286122330744101","0.3552413151776495","1608454","4295921b502f0f58e52230bb16db3eee3c9c0bbc47f3ea24ac58940988f6c98f","0768c79df95f7befc27b064c6534b471c8f4edd687f8df79eca6d8b243653790","75a60c4bdd34d5de0f2ec4bbd9479d39eef39e3b60e81d048023784827f7fc73"
"bil6","gnn_alpha","1919810","formal","958","242","44","19","0.9090909090909091","0.8360092847245769","0.32994855829506864","1608454","4295921b502f0f58e52230bb16db3eee3c9c0bbc47f3ea24ac58940988f6c98f","0768c79df95f7befc27b064c6534b471c8f4edd687f8df79eca6d8b243653790","75a60c4bdd34d5de0f2ec4bbd9479d39eef39e3b60e81d048023784827f7fc73"
"bil6","treelstm_arch3","42","formal","958","242","55","30","0.9380165289256198","0.8661758965992964","0.23746401317848648","114950","1fee3d2a17e6e2af66108730bb180e2a66f19e6ab1aa6f6317f99e878e83bdcc","0768c79df95f7befc27b064c6534b471c8f4edd687f8df79eca6d8b243653790","75a60c4bdd34d5de0f2ec4bbd9479d39eef39e3b60e81d048023784827f7fc73"
"bil6","treelstm_arch3","1453","formal","958","242","63","38","0.9380165289256198","0.880698605645326","0.23268486017530615","114950","1fee3d2a17e6e2af66108730bb180e2a66f19e6ab1aa6f6317f99e878e83bdcc","0768c79df95f7befc27b064c6534b471c8f4edd687f8df79eca6d8b243653790","75a60c4bdd34d5de0f2ec4bbd9479d39eef39e3b60e81d048023784827f7fc73"
"bil6","treelstm_arch3","666","formal","958","242","56","31","0.9338842975206612","0.8747572055831264","0.19859597068433918","114950","1fee3d2a17e6e2af66108730bb180e2a66f19e6ab1aa6f6317f99e878e83bdcc","0768c79df95f7befc27b064c6534b471c8f4edd687f8df79eca6d8b243653790","75a60c4bdd34d5de0f2ec4bbd9479d39eef39e3b60e81d048023784827f7fc73"
"bil6","treelstm_arch3","114514","formal","958","242","66","41","0.9380165289256198","0.8801235430385169","0.20004996820545393","114950","1fee3d2a17e6e2af66108730bb180e2a66f19e6ab1aa6f6317f99e878e83bdcc","0768c79df95f7befc27b064c6534b471c8f4edd687f8df79eca6d8b243653790","75a60c4bdd34d5de0f2ec4bbd9479d39eef39e3b60e81d048023784827f7fc73"
"bil6","treelstm_arch3","1919810","formal","958","242","46","21","0.9421487603305785","0.8899339012242238","0.2041420499401644","114950","1fee3d2a17e6e2af66108730bb180e2a66f19e6ab1aa6f6317f99e878e83bdcc","0768c79df95f7befc27b064c6534b471c8f4edd687f8df79eca6d8b243653790","75a60c4bdd34d5de0f2ec4bbd9479d39eef39e3b60e81d048023784827f7fc73"
"bil6","mlp","42","formal","958","242","386","136","0.7272727272727273","0.588012825590641","1.0948007934349628","11190","fe705d1b646133869f6abbb652ff51d0ed935c0764fde1e1225056e2ff08c821","0768c79df95f7befc27b064c6534b471c8f4edd687f8df79eca6d8b243653790","75a60c4bdd34d5de0f2ec4bbd9479d39eef39e3b60e81d048023784827f7fc73"
"bil6","mlp","1453","formal","958","242","800","587","0.743801652892562","0.6422842220037389","1.176254270490536","11190","fe705d1b646133869f6abbb652ff51d0ed935c0764fde1e1225056e2ff08c821","0768c79df95f7befc27b064c6534b471c8f4edd687f8df79eca6d8b243653790","75a60c4bdd34d5de0f2ec4bbd9479d39eef39e3b60e81d048023784827f7fc73"
"bil6","mlp","666","formal","958","242","437","187","0.7231404958677686","0.6392922841893433","1.176996111869812","11190","fe705d1b646133869f6abbb652ff51d0ed935c0764fde1e1225056e2ff08c821","0768c79df95f7befc27b064c6534b471c8f4edd687f8df79eca6d8b243653790","75a60c4bdd34d5de0f2ec4bbd9479d39eef39e3b60e81d048023784827f7fc73"
"bil6","mlp","114514","formal","958","242","665","415","0.731404958677686","0.6412245632834636","1.2493142451136565","11190","fe705d1b646133869f6abbb652ff51d0ed935c0764fde1e1225056e2ff08c821","0768c79df95f7befc27b064c6534b471c8f4edd687f8df79eca6d8b243653790","75a60c4bdd34d5de0f2ec4bbd9479d39eef39e3b60e81d048023784827f7fc73"
"bil6","mlp","1919810","formal","958","242","607","357","0.7396694214876033","0.6457189802108912","1.1975012564462078","11190","fe705d1b646133869f6abbb652ff51d0ed935c0764fde1e1225056e2ff08c821","0768c79df95f7befc27b064c6534b471c8f4edd687f8df79eca6d8b243653790","75a60c4bdd34d5de0f2ec4bbd9479d39eef39e3b60e81d048023784827f7fc73"
