dataset,sample_id,phase,source_index,fold,label_id,label_name,relative_path,filename,is_reg,content_sha256
jml4,jml4/AA0001.swc,train,0,6,1,Isocortex_layer5,raw/janelia_mouselight/swc/AA0001.swc,AA0001.swc,false,e9ac14e43378f6c33c5129f9dd185e557846875da39429e277548cdea223e873
jml4,jml4/AA0007.swc,train,6,2,0,Isocortex_layer23,raw/janelia_mouselight/swc/AA0007.swc,AA0007.swc,false,48481949a684d1cbc6d69723c5e42713913ca88331574f626673d65033dbb3e4
jml4,jml4/AA0008.swc,train,7,1,0,Isocortex_layer23,raw/janelia_mouselight/swc/AA0008.swc,AA0008.swc,false,320e442315df952c532822ce1e532138d3bd7ac7fe3a72077d6a8d7c8a523930
jml4,jml4/AA0010.swc,train,9,4,1,Isocortex_layer5,raw/janelia_mouselight/swc/AA0010.swc,AA0010.swc,false,40d230d60c3c1fb8a224e8a7a11cd23047736af0677c2168e4249f6acfb8473b
jml4,jml4/AA0011.swc,train,10,0,1,Isocortex_layer5,raw/janelia_mouselight/swc/AA0011.swc,AA0011.swc,false,4b3793e879b48518ec96f2451c3963e70da62e2e405adad7580b4a695dab9d0e
jml4,jml4/AA0012.swc,train,11,7,2,Isocortex_layer6,raw/janelia_mouselight/swc/AA0012.swc,AA0012.swc,false,380573b052be9df732f50366725640816dbfed3af3b3ec110ccaca12b2d8822f
jml4,jml4/AA0013.swc,test,12,9,0,Isocortex_layer23,raw/janelia_mouselight/swc/AA0013.swc,AA0013.swc,false,91b91fde2d848a33a39883e9db39478dbabc9eb69a018ee466d5db21a9f97c30
jml4,jml4/AA0014.swc,train,13,5,0,Isocortex_layer23,raw/janelia_mouselight/swc/AA0014.swc,AA0014.swc,false,c843624884f3d1159f7b81153a6a598f3714bcaaf4b164078dc47fac3dcff315
jml4,jml4/AA0027.swc,train,26,2,2,Isocortex_layer6,raw/janelia_mouselight/swc/AA0027.swc,AA0027.swc,false,eb226f8aea41c69896b263f3ce5c7ec0b5c70366d019e28f1b74f1aa6acefd16
jml4,jml4/AA0036.swc,train,35,5,1,Isocortex_layer5,raw/janelia_mouselight/swc/AA0036.swc,AA0036.swc,false,cc4044a0edd8ccf334aafda461ced1603ebdafb237ab4715e8d09796362d7ba6
jml4,jml4/AA0037.swc,train,36,6,1,Isocortex_layer5,raw/janelia_mouselight/swc/AA0037.swc,AA0037.swc,false,6d54d641f3ad1e32977d993dc06d675275ad470d4f198477e2668d1fb9681b29
jml4,jml4/AA0038.swc,test,37,8,2,Isocortex_layer6,raw/janelia_mouselight/swc/AA0038.swc,AA0038.swc,false,86283cae1379183e4e38bfe54320ed745f3a067d9d94f0baca3e7e33d6f2ed32
jml4,jml4/AA0039.swc,train,38,4,2,Isocortex_layer6,raw/janelia_mouselight/swc/AA0039.swc,AA0039.swc,false,2541cd3de96440c4e0ff00e5d0a1c43868196805cf298c094c3d237c8e210ca7
jml4,jml4/AA0044.swc,train,43,6,2,Isocortex_layer6,raw/janelia_mouselight/swc/AA0044.swc,AA0044.swc,false,d5af067993ae9346636fc28f7c138b361fcb629d984f99d267e79cd9260714fc
jml4,jml4/AA0059.swc,train,58,6,1,Isocortex_layer5,raw/janelia_mouselight/swc/AA0059.swc,AA0059.swc,false,0541a251452f2a2d321684f5a5188d70ae36a238c62d8155663b88f69972f375
jml4,jml4/AA0060.swc,train,59,1,2,Isocortex_layer6,raw/janelia_mouselight/swc/AA0060.swc,AA0060.swc,false,6f3e3de7b3cc8f99f78b9debf40bf08a5ce1fc899b39c149171833fc39ee21e2
jml4,jml4/AA0061.swc,train,60,0,2,Isocortex_layer6,raw/janelia_mouselight/swc/AA0061.swc,AA0061.swc,false,feda45d058758fd0c9479e7d1d60fb934ddd14a9cdadbf57fe17887cbfdd3e9c
jml4,jml4/AA0062.swc,train,61,2,2,Isocortex_layer6,raw/janelia_mouselight/swc/AA0062.swc,AA0062.swc,false,0656c8c09f36dac4af597e7f380f55a2e5e183a8c86984659408f2e3838fe9cb
jml4,jml4/AA0064.swc,test,63,9,1,Isocortex_layer5,raw/janelia_mouselight/swc/AA0064.swc,AA0064.swc,false,8d22b6465af77472e36cabde6bd59c01f0a82d1ab3d0fb622b6a8fa991f97fb0
jml4,jml4/AA0065.swc,train,64,3,1,Isocortex_layer5,raw/janelia_mouselight/swc/AA0065.swc,AA0065.swc,false,bf19d928c182ddd3cd39c00214ad5888b3cc242f524925b2e5461d7f242ad5ad
jml4,jml4/AA0066.swc,train,65,0,1,Isocortex_layer5,raw/janelia_mouselight/swc/AA0066.swc,AA0066.swc,false,a7190b0768bf68dac76a9bdd8622abe9e79d26c0266f8efd14761f904762211a
jml4,jml4/AA0067.swc,train,66,2,1,Isocortex_layer5,raw/janelia_mouselight/swc/AA0067.swc,AA0067.swc,false,c15ad0485beba1d9c101b7e6c06ec721843abdf3f85cce320dfa1d09950d6ab2
jml4,jml4/AA0085.swc,test,84,9,2,Isocortex_layer6,raw/janelia_mouselight/swc/AA0085.swc,AA0085.swc,false,07c5401abcf4689c9b288c4e9aad0aeff38bf24753571ed9b03a6faebc794c60
jml4,jml4/AA0096.swc,train,95,2,1,Isocortex_layer5,raw/janelia_mouselight/swc/AA0096.swc,AA0096.swc,false,ef0d2d483b30a0e999b5a9012a22d842f2d51e0d0c05b136c70ea4593c7ddcc0
jml4,jml4/AA0097.swc,train,96,1,1,Isocortex_layer5,raw/janelia_mouselight/swc/AA0097.swc,AA0097.swc,false,62987aa3284201ae9122ebccde4df7cc88a28578fc0cd685866bd27c31079303
jml4,jml4/AA0098.swc,train,97,4,1,Isocortex_layer5,raw/janelia_mouselight/swc/AA0098.swc,AA0098.swc,false,a7b8555976a574beebab0c526e9cd8a5afd46a26f57e02522a9db4989aec0f39
jml4,jml4/AA0099.swc,train,98,7,1,Isocortex_layer5,raw/janelia_mouselight/swc/AA0099.swc,AA0099.swc,false,4b1614fc4961f069b667a52901580db94823c5f1e0e743ac3f7690093ef7a1ac
jml4,jml4/AA0100.swc,train,99,6,1,Isocortex_layer5,raw/janelia_mouselight/swc/AA0100.swc,AA0100.swc,false,a188cb1aaf6c72cb034e5c67dfa9bfc54986564c41966c3afd40a7797c9cee81
jml4,jml4/AA0101.swc,train,100,3,2,Isocortex_layer6,raw/janelia_mouselight/swc/AA0101.swc,AA0101.swc,false,714cd0b556aa9e891b3459ebc0e0fd4543effa3893b6f6c32b134b0dbbd79b9f
jml4,jml4/AA0103.swc,train,102,0,2,Isocortex_layer6,raw/janelia_mouselight/swc/AA0103.swc,AA0103.swc,false,ff824275c640ba2ced10391f56c6d8f9e7da75d35574b8231ae35a73a09486bd
jml4,jml4/AA0104.swc,train,103,5,2,Isocortex_layer6,raw/janelia_mouselight/swc/AA0104.swc,AA0104.swc,false,1814af8511123792e00f59d2a70853a0cf17f7c7eecd086c6bfb69f434dfbeba
jml4,jml4/AA0105.swc,train,104,5,2,Isocortex_layer6,raw/janelia_mouselight/swc/AA0105.swc,AA0105.swc,false,2fb7f3c9f9d5bc7ac3a29d7cd05980f38afa16043df2536df983bb27d3f4c34a
jml4,jml4/AA0106.swc,train,105,0,1,Isocortex_layer5,raw/janelia_mouselight/swc/AA0106.swc,AA0106.swc,false,c513dd82655e76fa6d918df6725927d7971a6cc5ae2f304574f311e855c6ed07
jml4,jml4/AA0108.swc,train,107,5,1,Isocortex_layer5,raw/janelia_mouselight/swc/AA0108.swc,AA0108.swc,false,255df88a2989750ce5cd717439bca0f346ac505ca1f894e193948f9708c5ac1e
jml4,jml4/AA0109.swc,test,108,9,2,Isocortex_layer6,raw/janelia_mouselight/swc/AA0109.swc,AA0109.swc,false,291565a2d6fd0becf71d033efd22339ad520c7a7bceaf28732191332faa7da57
jml4,jml4/AA0110.swc,train,109,4,2,Isocortex_layer6,raw/janelia_mouselight/swc/AA0110.swc,AA0110.swc,false,84f6c24785164e64352e2486dc0ee1a5bcbcae82ad7067d2b9c6cceb13d49b3b
jml4,jml4/AA0111.swc,train,110,0,2,Isocortex_layer6,raw/janelia_mouselight/swc/AA0111.swc,AA0111.swc,false,58c1aa58a5d232f95eaf62c01aae1b59ca68f439257c262cd869468f3f70a677
jml4,jml4/AA0112.swc,train,111,1,1,Isocortex_layer5,raw/janelia_mouselight/swc/AA0112.swc,AA0112.swc,false,226e30655974b668692a8f2a26f1339cfbf9898207224c16ec0c7341ffe8a405
jml4,jml4/AA0113.swc,test,112,8,2,Isocortex_layer6,raw/janelia_mouselight/swc/AA0113.swc,AA0113.swc,false,f4c4ce9192f998906e0ecae7ee0deadf9ba6dcb50217415cf654f0ce24bf6735
jml4,jml4/AA0114.swc,train,113,3,1,Isocortex_layer5,raw/janelia_mouselight/swc/AA0114.swc,AA0114.swc,false,939dad08fdc9caf2147dd22c0ddf28253985607a9cec950a1de72274bfae006c
jml4,jml4/AA0115.swc,train,114,7,1,Isocortex_layer5,raw/janelia_mouselight/swc/AA0115.swc,AA0115.swc,false,f8ed3af07f1d9a58287fc97f7ea8dc91140fe622ab239ed254a918a4810a5806
jml4,jml4/AA0116.swc,train,115,4,0,Isocortex_layer23,raw/janelia_mouselight/swc/AA0116.swc,AA0116.swc,false,80a8234345d28f5ca0056e74179d183dcddcd85742df1a39d1f0976827407817
jml4,jml4/AA0117.swc,train,116,0,2,Isocortex_layer6,raw/janelia_mouselight/swc/AA0117.swc,AA0117.swc,false,319a37c005f51e9104659f8ee9d6cc5b45090a657877cd78c8a885fa8a0f0ff5
jml4,jml4/AA0118.swc,train,117,1,0,Isocortex_layer23,raw/janelia_mouselight/swc/AA0118.swc,AA0118.swc,false,10a2114bd4440e1fb47b7b0224b22afcdc1503776ab6350585ae468d3b50bdcb
jml4,jml4/AA0119.swc,train,118,5,1,Isocortex_layer5,raw/janelia_mouselight/swc/AA0119.swc,AA0119.swc,false,90c4e255ac381db6e77c576dd90d573042d895373b5108f1a073d3f12f527660
jml4,jml4/AA0120.swc,train,119,3,2,Isocortex_layer6,raw/janelia_mouselight/swc/AA0120.swc,AA0120.swc,false,0b68aba7fe041922b7304522277d05a25bb8d97df3959f6b931cb11580c54e0e
jml4,jml4/AA0121.swc,train,120,4,1,Isocortex_layer5,raw/janelia_mouselight/swc/AA0121.swc,AA0121.swc,false,1dd2c2c20b94f48141fcc49cd120a8cfaf878e4082e4e2cf650c55903d709908
jml4,jml4/AA0122.swc,train,121,3,1,Isocortex_layer5,raw/janelia_mouselight/swc/AA0122.swc,AA0122.swc,false,e392d79a71c342dae0d292e1942d628edf5b2d5fea6d200c1cb0592f2b568f8b
jml4,jml4/AA0127.swc,train,126,7,2,Isocortex_layer6,raw/janelia_mouselight/swc/AA0127.swc,AA0127.swc,false,e6add53499504ed1b65b7e4930c7a8a57323627fc07c1868130309cfc522d860
jml4,jml4/AA0130.swc,test,129,8,1,Isocortex_layer5,raw/janelia_mouselight/swc/AA0130.swc,AA0130.swc,false,28fd014e7b5e9e2fe1b5e76b507c8e39540b8eb4b3cbc863963e5371c66bbd15
jml4,jml4/AA0133.swc,train,132,4,1,Isocortex_layer5,raw/janelia_mouselight/swc/AA0133.swc,AA0133.swc,false,f146205247cc2efa09265647b91a8cb2d711880a148001d0efd30f7045e74ee4
jml4,jml4/AA0134.swc,train,133,6,2,Isocortex_layer6,raw/janelia_mouselight/swc/AA0134.swc,AA0134.swc,false,4d3cdca1902099c1133b269133fd86edacf805acbf7b254069650b31751799b8
jml4,jml4/AA0140.swc,train,139,7,2,Isocortex_layer6,raw/janelia_mouselight/swc/AA0140.swc,AA0140.swc,false,1bab92380bb4f6c31737868e19a87ab2a29c76d99593b0222602a147f68a2637
jml4,jml4/AA0160.swc,train,159,1,2,Isocortex_layer6,raw/janelia_mouselight/swc/AA0160.swc,AA0160.swc,false,28e21d80d6dcd2e4794cd7dc07db5b209bbb0316c9407f3c5499775aa61b4630
jml4,jml4/AA0169.swc,train,168,2,1,Isocortex_layer5,raw/janelia_mouselight/swc/AA0169.swc,AA0169.swc,false,5b75ce7c218b27eaf28e99e891d21fa4c4d3d70a0f4182d30ba3e5e0cd5c68ea
jml4,jml4/AA0179.swc,train,178,3,2,Isocortex_layer6,raw/janelia_mouselight/swc/AA0179.swc,AA0179.swc,false,6a427c12e782695a90cfbeaad6a5374db101057d0f0f9a930673552e61d5b17c
jml4,jml4/AA0180.swc,test,179,9,2,Isocortex_layer6,raw/janelia_mouselight/swc/AA0180.swc,AA0180.swc,false,9d0794b0596d9c8be1ce72b77613facbee492c7effb4d45c2505ca7a5b3da77c
jml4,jml4/AA0181.swc,test,180,9,1,Isocortex_layer5,raw/janelia_mouselight/swc/AA0181.swc,AA0181.swc,false,2b8be30c5c6ee06094a5d913d17872ef7270976c01cfc82471249c19e4308c91
jml4,jml4/AA0182.swc,train,181,6,1,Isocortex_layer5,raw/janelia_mouselight/swc/AA0182.swc,AA0182.swc,false,bd7eb9cd43ddf5d2eb7a5b6b119324832e32cc9f3af1226b020d0e65bf05fc77
jml4,jml4/AA0183.swc,train,182,2,2,Isocortex_layer6,raw/janelia_mouselight/swc/AA0183.swc,AA0183.swc,false,19d3d4b390edc5ae38bc46fc2859e1b7184c3b3821056ea82608fa4ec9134e6c
jml4,jml4/AA0184.swc,train,183,5,1,Isocortex_layer5,raw/janelia_mouselight/swc/AA0184.swc,AA0184.swc,false,68a17e37eb57db95e53a0ec59ccacc3a3aaa18cb8af89c1c8e4109f47b5a5fa5
jml4,jml4/AA0185.swc,test,184,8,2,Isocortex_layer6,raw/janelia_mouselight/swc/AA0185.swc,AA0185.swc,false,7dbd5aa6e2b3531f3dbae76232f0f19268ca61a9098cd0fd0758326d66f8de62
jml4,jml4/AA0186.swc,train,185,1,2,Isocortex_layer6,raw/janelia_mouselight/swc/AA0186.swc,AA0186.swc,false,23e4df3886da3183ae3a0afa9997375fa4f1ede72da819a26c6bd4a204a32dd7
jml4,jml4/AA0187.swc,train,186,7,1,Isocortex_layer5,raw/janelia_mouselight/swc/AA0187.swc,AA0187.swc,false,58d04853d667983a7e028cb270b854bbc3de025ba4503461a334e59378c56536
jml4,jml4/AA0188.swc,train,187,4,1,Isocortex_layer5,raw/janelia_mouselight/swc/AA0188.swc,AA0188.swc,false,561ac970213788bd3ffc442233e93750ec64cf186ddb946a4c7f1baadf89faf5
jml4,jml4/AA0190.swc,train,189,1,1,Isocortex_layer5,raw/janelia_mouselight/swc/AA0190.swc,AA0190.swc,false,d95f9cf9b21996ab242da5169cd29f29aefca650470e433542b5321273951e03
jml4,jml4/AA0230.swc,train,229,3,1,Isocortex_layer5,raw/janelia_mouselight/swc/AA0230.swc,AA0230.swc,false,bae069a62e30e135bbe73bd53696883c4bbd7699363587deb050939f326444a8
jml4,jml4/AA0231.swc,train,230,6,2,Isocortex_layer6,raw/janelia_mouselight/swc/AA0231.swc,AA0231.swc,false,7556736a54cb0e9dbaad5ffcf4ad1a07ab5ddaaf77cc625138a71c92ba4df65d
jml4,jml4/AA0232.swc,test,231,8,0,Isocortex_layer23,raw/janelia_mouselight/swc/AA0232.swc,AA0232.swc,false,6fb33801274ac2a4ee629c0b7979c390bb854318950489f8bb9c5fc03aee9903
jml4,jml4/AA0233.swc,train,232,0,1,Isocortex_layer5,raw/janelia_mouselight/swc/AA0233.swc,AA0233.swc,false,cc2a0dcfe2531d2c9a4e3b8d971d613fe0acc8a8261be76b09965fef1a36b144
jml4,jml4/AA0234.swc,train,233,3,2,Isocortex_layer6,raw/janelia_mouselight/swc/AA0234.swc,AA0234.swc,false,8e5384a70019a6d840ff0659cb4ea08e90f7a5dced7f3ecd82e18722063f0bee
jml4,jml4/AA0235.swc,train,234,2,1,Isocortex_layer5,raw/janelia_mouselight/swc/AA0235.swc,AA0235.swc,false,66e3c356fcc1312da2f24a56da8cd62a760a72ba515815ffc22db52325fba4d0
jml4,jml4/AA0236.swc,test,235,9,1,Isocortex_layer5,raw/janelia_mouselight/swc/AA0236.swc,AA0236.swc,false,daea65cf324c6632d721af3565f1fd393f355c43c0f52750c57a209963af6809
jml4,jml4/AA0237.swc,train,236,2,0,Isocortex_layer23,raw/janelia_mouselight/swc/AA0237.swc,AA0237.swc,false,ea7a713ccc1b2a9974c482c482f70ccd410e5638c5644427c2635f462229adc9
jml4,jml4/AA0238.swc,train,237,5,0,Isocortex_layer23,raw/janelia_mouselight/swc/AA0238.swc,AA0238.swc,false,06647358e7fcfc8e9eae94b70ba3914ffbf81db6c5a1d4c5ec7aa42c8aeb3744
jml4,jml4/AA0239.swc,train,238,4,2,Isocortex_layer6,raw/janelia_mouselight/swc/AA0239.swc,AA0239.swc,false,8d890d26612171625080f2a1091f637e049ff2eac487d053a0b8737fc6fb721a
jml4,jml4/AA0240.swc,train,239,5,2,Isocortex_layer6,raw/janelia_mouselight/swc/AA0240.swc,AA0240.swc,false,e16c49c9c7e7e47ec29a6757ba7aa078c2bbc7e706ed5eb4bd885cfd51020578
jml4,jml4/AA0241.swc,train,240,4,0,Isocortex_layer23,raw/janelia_mouselight/swc/AA0241.swc,AA0241.swc,false,64eaf25c3357926bcf149b26a5ccdeee9620619a5ab38e316f902f5b70578851
jml4,jml4/AA0242.swc,train,241,2,2,Isocortex_layer6,raw/janelia_mouselight/swc/AA0242.swc,AA0242.swc,false,227e34676e454083a4802fbc10bcdf905817ec1fa72b4378d1d4f6bbb846ee92
jml4,jml4/AA0243.swc,test,242,9,2,Isocortex_layer6,raw/janelia_mouselight/swc/AA0243.swc,AA0243.swc,false,8f3af1be3c150ecc59a9abb3a4de7761b87f2c957257794ff5e9f2e7870d4692
jml4,jml4/AA0245.swc,test,244,8,1,Isocortex_layer5,raw/janelia_mouselight/swc/AA0245.swc,AA0245.swc,false,0ff3070465aae21da0a39dcfb930615e0d1f70c31d81e81199dbafb247e96999
jml4,jml4/AA0250.swc,train,249,3,1,Isocortex_layer5,raw/janelia_mouselight/swc/AA0250.swc,AA0250.swc,false,eaeeda8ba17ce4521628b671ca2154588aaef2b229dc6af81a2f5e4d55e0c7a3
jml4,jml4/AA0261.swc,test,260,9,1,Isocortex_layer5,raw/janelia_mouselight/swc/AA0261.swc,AA0261.swc,false,9b4f27b34b29bb0492d32f148cc0bac513e0b19b15132e3752c38c5e450576be
jml4,jml4/AA0265.swc,train,264,4,1,Isocortex_layer5,raw/janelia_mouselight/swc/AA0265.swc,AA0265.swc,false,84d96adcea669e601c6cd6290f55a9ae93e9831b98d3b91cd01b0d86c3b8a144
jml4,jml4/AA0267.swc,train,266,6,1,Isocortex_layer5,raw/janelia_mouselight/swc/AA0267.swc,AA0267.swc,false,84205c7b13a93812a7144f58b18396d1bd45aa2234b4cafa569b84e10ff696fa
jml4,jml4/AA0269.swc,train,268,7,1,Isocortex_layer5,raw/janelia_mouselight/swc/AA0269.swc,AA0269.swc,false,5d9455db6213c15e7e278efb3cf17a9d3e33aa64c7a8c11de7308db520bded3e
jml4,jml4/AA0271.swc,train,270,1,1,Isocortex_layer5,raw/janelia_mouselight/swc/AA0271.swc,AA0271.swc,false,11ba48cdf79f2f0f1de64569873ce77db3140657b46b4d4aa7a5e9604aa77773
jml4,jml4/AA0272.swc,train,271,7,2,Isocortex_layer6,raw/janelia_mouselight/swc/AA0272.swc,AA0272.swc,false,ca2510bbb256eda2cc84856e809e765801f1e708c7f531a7c614bc2df965f39e
jml4,jml4/AA0274.swc,train,273,5,1,Isocortex_layer5,raw/janelia_mouselight/swc/AA0274.swc,AA0274.swc,false,b69c194f244b4ae06b1b8957f0cf10abf1724c81105d223d43f4858e71e22d7f
jml4,jml4/AA0276.swc,train,275,0,1,Isocortex_layer5,raw/janelia_mouselight/swc/AA0276.swc,AA0276.swc,false,7f4b0d1108411411bbaf07e327148227e97a578186fa2922de97f2d5adc95c04
jml4,jml4/AA0278.swc,train,277,4,2,Isocortex_layer6,raw/janelia_mouselight/swc/AA0278.swc,AA0278.swc,false,af1f2073c277dd6519f3cf964805e37afe230a5896d5a7d3f5f22c6ff56fa0f2
jml4,jml4/AA0279.swc,train,278,2,1,Isocortex_layer5,raw/janelia_mouselight/swc/AA0279.swc,AA0279.swc,false,cc2e526b659006046293e514eea236f9539d571497bcbcb12e5b6e45692b92d3
jml4,jml4/AA0280.swc,train,279,6,2,Isocortex_layer6,raw/janelia_mouselight/swc/AA0280.swc,AA0280.swc,false,3b19d564e3d4344ab8acc92933074438276b2909e6b0a297bb2d24b190d22fb1
jml4,jml4/AA0281.swc,test,280,8,1,Isocortex_layer5,raw/janelia_mouselight/swc/AA0281.swc,AA0281.swc,false,b7c59fe8af2ba37772187e25232d547ab543d1d0f6a2e03b3b8a7da8959d961f
jml4,jml4/AA0282.swc,train,281,5,2,Isocortex_layer6,raw/janelia_mouselight/swc/AA0282.swc,AA0282.swc,false,bd21b248224ac505920f2661d047950d9ca88ce910105c94494957ebb567101d
jml4,jml4/AA0284.swc,train,283,6,0,Isocortex_layer23,raw/janelia_mouselight/swc/AA0284.swc,AA0284.swc,false,4515fd27b643b0b06bbc3058a15839c6463d210fef7fa87c1dda5cb5592a3e9f
jml4,jml4/AA0285.swc,train,284,1,2,Isocortex_layer6,raw/janelia_mouselight/swc/AA0285.swc,AA0285.swc,false,23d256fcee6a4826267f357fdf13a5ac486ba6e6a38affcb4d615f61bf20ca49
jml4,jml4/AA0286.swc,train,285,0,1,Isocortex_layer5,raw/janelia_mouselight/swc/AA0286.swc,AA0286.swc,false,c034f40bde3b28aa713916f9e578fdf823698bb15c092644ae40ed703854d1d1
jml4,jml4/AA0287.swc,test,286,8,1,Isocortex_layer5,raw/janelia_mouselight/swc/AA0287.swc,AA0287.swc,false,36397659c0933aaab7d91ac126d802de5427daba96ddfea3b2356f8d1212bfd1
jml4,jml4/AA0288.swc,train,287,7,1,Isocortex_layer5,raw/janelia_mouselight/swc/AA0288.swc,AA0288.swc,false,9558d9178c04b27c9a473c7aa5245f402c94208be1f9e6d245e58809499cc26c
jml4,jml4/AA0289.swc,train,288,4,1,Isocortex_layer5,raw/janelia_mouselight/swc/AA0289.swc,AA0289.swc,false,76b152402ea02c22012d129a1ddf4e4aa1b0945c5c62fd60ca7658b822752a55
jml4,jml4/AA0291.swc,train,290,0,0,Isocortex_layer23,raw/janelia_mouselight/swc/AA0291.swc,AA0291.swc,false,879bf7e69f0129f839bc6ca3a68310f2223e6a42a3440a393e81f71fa1c9dcc9
jml4,jml4/AA0300.swc,train,299,5,1,Isocortex_layer5,raw/janelia_mouselight/swc/AA0300.swc,AA0300.swc,false,c02fc94ab729a2eaa1fdb4e06c19c17ac9f054a55045211bc332d499cd1a9e16
jml4,jml4/AA0310.swc,train,309,0,3,VPM,raw/janelia_mouselight/swc/AA0310.swc,AA0310.swc,false,279bc065b2197c3792e94621bf045ad37865896c28d39b1814530320ae1f409d
jml4,jml4/AA0311.swc,test,310,9,3,VPM,raw/janelia_mouselight/swc/AA0311.swc,AA0311.swc,false,60bd855c64cab8675dd7b442a86ec4c94c95f89e3ae8150f6acd57d330e0274f
jml4,jml4/AA0312.swc,train,311,6,3,VPM,raw/janelia_mouselight/swc/AA0312.swc,AA0312.swc,false,ef10ef3169af18d02f160c2bd83b68529900d014a9e299eeed9eb0d8b46361e2
jml4,jml4/AA0313.swc,train,312,2,3,VPM,raw/janelia_mouselight/swc/AA0313.swc,AA0313.swc,false,1a0e42dc25b70c5433370cc020863bf2c4d23a924bf8e990b0258b35f045dbeb
jml4,jml4/AA0314.swc,test,313,8,3,VPM,raw/janelia_mouselight/swc/AA0314.swc,AA0314.swc,false,3736abbcd5244e7500d23430d66cd0fb47333b84111f6aca9477bde54edab9a9
jml4,jml4/AA0315.swc,train,314,0,3,VPM,raw/janelia_mouselight/swc/AA0315.swc,AA0315.swc,false,9126a2d7320bfa8552334d800fb57209eaa5a394431be728c4cb4720a58f8a00
jml4,jml4/AA0317.swc,train,316,7,3,VPM,raw/janelia_mouselight/swc/AA0317.swc,AA0317.swc,false,0127a9fec7341a6f849ccbe67b0c4eefbf6c8fd6f6faddb7ce6e8f595bf71734
jml4,jml4/AA0318.swc,train,317,4,3,VPM,raw/janelia_mouselight/swc/AA0318.swc,AA0318.swc,false,0955350ee126e5182d2850c23d31770f9b809b81716e1eb55d8f53b1064be7a5
jml4,jml4/AA0319.swc,train,318,4,2,Isocortex_layer6,raw/janelia_mouselight/swc/AA0319.swc,AA0319.swc,false,232bf5f02e50b6557156143eade3e2e7048b4cf5a6e87f725bc0ac277ad5b391
jml4,jml4/AA0320.swc,test,319,8,2,Isocortex_layer6,raw/janelia_mouselight/swc/AA0320.swc,AA0320.swc,false,3b88cd3851014f46eb410f440113c584a2370ca898c1d576c90a046b86eaa448
jml4,jml4/AA0323.swc,train,322,1,2,Isocortex_layer6,raw/janelia_mouselight/swc/AA0323.swc,AA0323.swc,false,a32c3b2615f346f42c00e90f33d82688bf672eb003a1273e2034605c80c479d1
jml4,jml4/AA0324.swc,train,323,1,1,Isocortex_layer5,raw/janelia_mouselight/swc/AA0324.swc,AA0324.swc,false,33627af92e5b6a2cbbe0e2c634f111ca2004872a262a269fec07ab4c2f70bbb7
jml4,jml4/AA0325.swc,train,324,2,2,Isocortex_layer6,raw/janelia_mouselight/swc/AA0325.swc,AA0325.swc,false,dfb1e94cde0be87987ae7305f3bd1e5f7fd79dbea2bc3ad1c2e0eec5ef38bcc4
jml4,jml4/AA0327.swc,train,326,3,1,Isocortex_layer5,raw/janelia_mouselight/swc/AA0327.swc,AA0327.swc,false,0e5f54c20c85a6d8faa6910ffa2760895856b97afa16349e089e078f99abe4e5
jml4,jml4/AA0329.swc,train,328,3,0,Isocortex_layer23,raw/janelia_mouselight/swc/AA0329.swc,AA0329.swc,false,da39ce3bc874512e1da4b2b001083776d987528eb5734586b6ebf9d6bc8e1b41
jml4,jml4/AA0332.swc,train,331,6,1,Isocortex_layer5,raw/janelia_mouselight/swc/AA0332.swc,AA0332.swc,false,37f001a1e9c7435f0ab85612273938d16d39bdd105e1a027254919c8e0444687
jml4,jml4/AA0333.swc,train,332,3,2,Isocortex_layer6,raw/janelia_mouselight/swc/AA0333.swc,AA0333.swc,false,e2e70176e34184b11e2bcf467efdb5dfa69e4de602d1013ec71b2e43ba5715bf
jml4,jml4/AA0390.swc,train,389,7,1,Isocortex_layer5,raw/janelia_mouselight/swc/AA0390.swc,AA0390.swc,false,d47a373e702c3cb998481c63070d41526470af6db7596b458c415d694cde5b76
jml4,jml4/AA0393.swc,train,392,3,1,Isocortex_layer5,raw/janelia_mouselight/swc/AA0393.swc,AA0393.swc,false,3793663ea65765a58ac1108c565c20a55a764621a8c2161f82aa022c8540bc18
jml4,jml4/AA0394.swc,test,393,9,1,Isocortex_layer5,raw/janelia_mouselight/swc/AA0394.swc,AA0394.swc,false,4f82300a1376de730a740990ae435977d1bf0d70f7494ba1d5ee7ecffc419347
jml4,jml4/AA0395.swc,test,394,9,0,Isocortex_layer23,raw/janelia_mouselight/swc/AA0395.swc,AA0395.swc,false,9dd69d0ca6a356bdcb2bf8a4aa4a1f1d5083ff377d1958b7ee7f00d863457178
jml4,jml4/AA0396.swc,train,395,0,1,Isocortex_layer5,raw/janelia_mouselight/swc/AA0396.swc,AA0396.swc,false,43fae5c3d6f90049409b70487fa85b3b7738d4d3e4df98cc136eb8a5b6d6b991
jml4,jml4/AA0397.swc,train,396,2,1,Isocortex_layer5,raw/janelia_mouselight/swc/AA0397.swc,AA0397.swc,false,da6db833b6952800b860b98147a35dabe459b319c6b2a2a0fbb9ba03529f68dc
jml4,jml4/AA0398.swc,test,397,8,2,Isocortex_layer6,raw/janelia_mouselight/swc/AA0398.swc,AA0398.swc,false,58def57d3c06e14a3d5bec6f478f01d2d3253108388b0e898385f6defe842da8
jml4,jml4/AA0400.swc,train,399,3,1,Isocortex_layer5,raw/janelia_mouselight/swc/AA0400.swc,AA0400.swc,false,8ed6d1bb4b81e3721fa6de9a35430f8e33b898cba8b1a0828fe57326f7e3e116
jml4,jml4/AA0401.swc,train,400,3,2,Isocortex_layer6,raw/janelia_mouselight/swc/AA0401.swc,AA0401.swc,false,be013dbef58ae648fd20e2f63242b800270d516c529b41b9eb19eb6a0b8bf2f0
jml4,jml4/AA0402.swc,train,401,7,0,Isocortex_layer23,raw/janelia_mouselight/swc/AA0402.swc,AA0402.swc,false,9d8ea3b1680508eca08fbdaef97bb780e89974f277dd104828a83fc8eef1ab12
jml4,jml4/AA0403.swc,train,402,1,2,Isocortex_layer6,raw/janelia_mouselight/swc/AA0403.swc,AA0403.swc,false,eaf95f9e19362813880a9b617b4cdbdc4e85cb4e1d7a5c10c4e7e27059191533
jml4,jml4/AA0404.swc,train,403,5,2,Isocortex_layer6,raw/janelia_mouselight/swc/AA0404.swc,AA0404.swc,false,83aebe6756486d0bd8b43402e455ffd754e496308ddf0fb36b0b454db4866496
jml4,jml4/AA0406.swc,test,405,9,2,Isocortex_layer6,raw/janelia_mouselight/swc/AA0406.swc,AA0406.swc,false,52c540c3b0dd7e8caad7fe3353bc251f92827eb2e3c48e92d8019a5f97c9e3d5
jml4,jml4/AA0407.swc,train,406,5,0,Isocortex_layer23,raw/janelia_mouselight/swc/AA0407.swc,AA0407.swc,false,889c526d6221ecdc8e34215588eff161d2c8aa76a384c2ed7a392f9d993f6994
jml4,jml4/AA0408.swc,test,407,9,2,Isocortex_layer6,raw/janelia_mouselight/swc/AA0408.swc,AA0408.swc,false,3c6bc4fee5f9d6357c80d93eb59329d5be681f964d44839dfed1810fdde8bd4b
jml4,jml4/AA0409.swc,test,408,8,0,Isocortex_layer23,raw/janelia_mouselight/swc/AA0409.swc,AA0409.swc,false,756085d4b9ae44dc7949ad12d53f2f55041d7c3288fed2bebafeb9140f3358c3
jml4,jml4/AA0410.swc,train,409,0,2,Isocortex_layer6,raw/janelia_mouselight/swc/AA0410.swc,AA0410.swc,false,019e45ffff136c6aec59973e657885835f6f0ae138ce5829f5355a923c68608e
jml4,jml4/AA0411.swc,train,410,5,1,Isocortex_layer5,raw/janelia_mouselight/swc/AA0411.swc,AA0411.swc,false,0072d157ad04a6b4126dfb78b32c5532cfee374847926d8a121d12c3c6ef44c3
jml4,jml4/AA0412.swc,train,411,7,1,Isocortex_layer5,raw/janelia_mouselight/swc/AA0412.swc,AA0412.swc,false,b35577b7b7191da84e47314d8da5aaa10d2d83dcb5ce0c73d244a7f43637bd43
jml4,jml4/AA0413.swc,test,412,9,1,Isocortex_layer5,raw/janelia_mouselight/swc/AA0413.swc,AA0413.swc,false,04941d40457086938063c926d023427e5c26731d88c287e1afb2cd2210391838
jml4,jml4/AA0415.swc,train,414,6,1,Isocortex_layer5,raw/janelia_mouselight/swc/AA0415.swc,AA0415.swc,false,f0510537aed75ca82965b4301a6e1ddb38c553c323a169113d0252c5493ee6fa
jml4,jml4/AA0416.swc,train,415,0,0,Isocortex_layer23,raw/janelia_mouselight/swc/AA0416.swc,AA0416.swc,false,7d5bab3236a186e0e897df4187011a3aa54f2a36032b62d5544451236a2bf4fa
jml4,jml4/AA0417.swc,train,416,4,1,Isocortex_layer5,raw/janelia_mouselight/swc/AA0417.swc,AA0417.swc,false,9a7d29fab845cb4ea1d18dab8420b6f2e2fd6532fb4372629857ae24e24fc0db
jml4,jml4/AA0418.swc,train,417,5,0,Isocortex_layer23,raw/janelia_mouselight/swc/AA0418.swc,AA0418.swc,false,4df6974aadada355669bfe0ca8f04044fcbe222792873e7d6a6e12a1a03d16e8
jml4,jml4/AA0419.swc,train,418,7,0,Isocortex_layer23,raw/janelia_mouselight/swc/AA0419.swc,AA0419.swc,false,0b6a1880e8ba39d7b6f545dae1cf0626e2bbf67c4efaef3c5edfe05a3dddbe00
jml4,jml4/AA0421.swc,train,420,0,1,Isocortex_layer5,raw/janelia_mouselight/swc/AA0421.swc,AA0421.swc,false,c7bd6ff22b467a73fba9500671b3ec39868e95a3373a2c2d8aa43796c785cf7e
jml4,jml4/AA0422.swc,train,421,4,1,Isocortex_layer5,raw/janelia_mouselight/swc/AA0422.swc,AA0422.swc,false,1374b415b9d4917d4ba56d92227aa443e12279a139833c564c0389cce07ddd0d
jml4,jml4/AA0424.swc,train,423,3,0,Isocortex_layer23,raw/janelia_mouselight/swc/AA0424.swc,AA0424.swc,false,2e8e016895b29e151cc1e8c23b9cbcaf3b242e630e708a0cfd4a4dbfa863f8ce
jml4,jml4/AA0425.swc,train,424,6,0,Isocortex_layer23,raw/janelia_mouselight/swc/AA0425.swc,AA0425.swc,false,165a41f5263a3f7a23d30a2db562b54bdca0f94f0fb9cdcc2185e596cda659c7
jml4,jml4/AA0426.swc,train,425,2,0,Isocortex_layer23,raw/janelia_mouselight/swc/AA0426.swc,AA0426.swc,false,7cf64982196eddc0052bc7e5bac318119ba55c0aedc312195e6db68046956936
jml4,jml4/AA0427.swc,train,426,5,2,Isocortex_layer6,raw/janelia_mouselight/swc/AA0427.swc,AA0427.swc,false,820a8ec9a9e86de844fc4be6fdbb1cccbf7a2e6b49e22f49f87d80606a0754f9
jml4,jml4/AA0439.swc,test,438,8,1,Isocortex_layer5,raw/janelia_mouselight/swc/AA0439.swc,AA0439.swc,false,3a9bb6c8e0a1b89750899ce55fd00a7c613084387f6a44bb2254d38d4d233b36
jml4,jml4/AA0440.swc,train,439,2,1,Isocortex_layer5,raw/janelia_mouselight/swc/AA0440.swc,AA0440.swc,false,2919fabba6ac12bb3f792d0a7dba3cd081e6684d657988795417ebd73950194f
jml4,jml4/AA0441.swc,train,440,1,1,Isocortex_layer5,raw/janelia_mouselight/swc/AA0441.swc,AA0441.swc,false,35a9d52a328cb1e6b3560e9ff80858f945d92c6636b06d05e21ee288c2101ce3
jml4,jml4/AA0442.swc,train,441,7,1,Isocortex_layer5,raw/janelia_mouselight/swc/AA0442.swc,AA0442.swc,false,832d3fece5486ebfb00ca34f0452f832b0308ba9f6b74e97370665e36a925a73
jml4,jml4/AA0445.swc,train,444,3,1,Isocortex_layer5,raw/janelia_mouselight/swc/AA0445.swc,AA0445.swc,false,6ecad4366752d34f0726941c61bd335fa7764c185988795bb18cfe408bec4f92
jml4,jml4/AA0446.swc,train,445,6,0,Isocortex_layer23,raw/janelia_mouselight/swc/AA0446.swc,AA0446.swc,false,4feffc42299a5e045ce6119466e62d724f603038179e5899b1e558e09451ec18
jml4,jml4/AA0450.swc,test,449,9,0,Isocortex_layer23,raw/janelia_mouselight/swc/AA0450.swc,AA0450.swc,false,a6570b40dcb6e285b185ccef29de37dcdbc258f4f35bb239752219e0a9b7862c
jml4,jml4/AA0452.swc,test,451,9,1,Isocortex_layer5,raw/janelia_mouselight/swc/AA0452.swc,AA0452.swc,false,9c5148b255a0029ee61ee39b179a35d48e83997dca1987227f871ff4410b870c
jml4,jml4/AA0456.swc,train,455,6,2,Isocortex_layer6,raw/janelia_mouselight/swc/AA0456.swc,AA0456.swc,false,ebd4a269b2d5b195d12c81a790fa4be377ab90f557a4b56b135ab7fae5355ba9
jml4,jml4/AA0457.swc,train,456,3,2,Isocortex_layer6,raw/janelia_mouselight/swc/AA0457.swc,AA0457.swc,false,92158889bbfde1ac2afa0ec6d58fc644b770f88e55859d68e7cc373ac1e64417
jml4,jml4/AA0460.swc,train,459,1,1,Isocortex_layer5,raw/janelia_mouselight/swc/AA0460.swc,AA0460.swc,false,32bde67830739a4693fccdb4dfbdd8900779f9a206aecf6230f4d03bb54636e0
jml4,jml4/AA0461.swc,train,460,2,2,Isocortex_layer6,raw/janelia_mouselight/swc/AA0461.swc,AA0461.swc,false,a77b81a2391c24aa462e2d81c60829261b78bfb51a5d7d5803a9293d1f07e889
jml4,jml4/AA0462.swc,train,461,4,1,Isocortex_layer5,raw/janelia_mouselight/swc/AA0462.swc,AA0462.swc,false,9619276f186bc78b6df96b9c083c96a4c4f3059bf500ebf3afe818c7aefc61fe
jml4,jml4/AA0463.swc,train,462,0,2,Isocortex_layer6,raw/janelia_mouselight/swc/AA0463.swc,AA0463.swc,false,91896503fccf7abf9acb395e91f3809561c13a975085a3432c2721f4c90a64b6
jml4,jml4/AA0464.swc,train,463,3,2,Isocortex_layer6,raw/janelia_mouselight/swc/AA0464.swc,AA0464.swc,false,eafe779e97d7f51ac1b5a71f83e811faff35ed312952be6d5f6b3d81ae833576
jml4,jml4/AA0465.swc,train,464,6,1,Isocortex_layer5,raw/janelia_mouselight/swc/AA0465.swc,AA0465.swc,false,83bc8fcc5763fc2c234c07d2d952b6652439be0f853f947bdf83f44ebfa24b6d
jml4,jml4/AA0466.swc,train,465,0,1,Isocortex_layer5,raw/janelia_mouselight/swc/AA0466.swc,AA0466.swc,false,f7fe50e06f574e7a4e0640862bbf26252473ef5931f415ea9b86f37e2e3af5a6
jml4,jml4/AA0467.swc,train,466,1,0,Isocortex_layer23,raw/janelia_mouselight/swc/AA0467.swc,AA0467.swc,false,2c601b73dfb43a1c0fc844537ae443a763c82b4a2bc5ef79c2dc7e1f62fe0273
jml4,jml4/AA0471.swc,train,470,4,0,Isocortex_layer23,raw/janelia_mouselight/swc/AA0471.swc,AA0471.swc,false,e8a8b0030e2165a02bbe972d6a22645fb4092493e346602c4648fa1d1f9d138b
jml4,jml4/AA0473.swc,train,472,6,2,Isocortex_layer6,raw/janelia_mouselight/swc/AA0473.swc,AA0473.swc,false,70230eca5b62b57f41c997ddc06d3fda969d50486978dd31b93b9414c461adb5
jml4,jml4/AA0474.swc,train,473,7,0,Isocortex_layer23,raw/janelia_mouselight/swc/AA0474.swc,AA0474.swc,false,fd205797e67a92cd722a679101a9f9e64486216ee11edeb0d69aa22eedc7daf4
jml4,jml4/AA0475.swc,train,474,3,0,Isocortex_layer23,raw/janelia_mouselight/swc/AA0475.swc,AA0475.swc,false,9b150b2f00c23674ae5ca4736a1c69f88b2924bfcc82aff82cfa38a8cb22a659
jml4,jml4/AA0481.swc,train,480,5,1,Isocortex_layer5,raw/janelia_mouselight/swc/AA0481.swc,AA0481.swc,false,1c2d129e35dd733837135fcc2e4afa5e7d96af3a0a8811a98255c26f9d4d0da7
jml4,jml4/AA0492.swc,train,491,3,1,Isocortex_layer5,raw/janelia_mouselight/swc/AA0492.swc,AA0492.swc,false,7684d5925ac8dc7d1cd8d428db26763c1b38876e16795613a62fbe22a35ccdae
jml4,jml4/AA0534.swc,train,533,2,1,Isocortex_layer5,raw/janelia_mouselight/swc/AA0534.swc,AA0534.swc,false,2370c247b0ac4fb9382a1654e467c49e74da6903c57919fdfc7af9d548b60fc4
jml4,jml4/AA0541.swc,test,540,8,2,Isocortex_layer6,raw/janelia_mouselight/swc/AA0541.swc,AA0541.swc,false,9c45a4aa91274f6cc0072e2ec7e1d45b9aea7cc285197642be9deb9fb4700143
jml4,jml4/AA0543.swc,train,542,2,2,Isocortex_layer6,raw/janelia_mouselight/swc/AA0543.swc,AA0543.swc,false,2e0be25fc0001f58d6b78ded8dc3c574a182ae6c60ec6dd5c6c7e8e7a7ce2000
jml4,jml4/AA0544.swc,train,543,1,2,Isocortex_layer6,raw/janelia_mouselight/swc/AA0544.swc,AA0544.swc,false,65d87da0da7a1a9b5bc51bb6bb08efe0d74a77122cac2403f2d5a0c06ccb4648
jml4,jml4/AA0545.swc,test,544,9,2,Isocortex_layer6,raw/janelia_mouselight/swc/AA0545.swc,AA0545.swc,false,3e5bbc6057b1176bc6e084896daf1e27d4362e5c8f2a579055284ca331fb128b
jml4,jml4/AA0548.swc,train,547,4,2,Isocortex_layer6,raw/janelia_mouselight/swc/AA0548.swc,AA0548.swc,false,b1729baad07db3cd654973e52134bce5819c9e8922412148730d0b543e780987
jml4,jml4/AA0549.swc,train,548,5,2,Isocortex_layer6,raw/janelia_mouselight/swc/AA0549.swc,AA0549.swc,false,ff0489e4a404d8b5fbbfafa5e911a3b910b8a471ca3e1a4c008bb69ce9559526
jml4,jml4/AA0550.swc,train,549,7,2,Isocortex_layer6,raw/janelia_mouselight/swc/AA0550.swc,AA0550.swc,false,c8a85ec1d00288d82216d73776d88f7d50dc8224a92c19b43ec6e746368e6280
jml4,jml4/AA0553.swc,train,552,1,2,Isocortex_layer6,raw/janelia_mouselight/swc/AA0553.swc,AA0553.swc,false,ff3a6023cbfabd3e30b26e458a30c035e3f996224d42df73cf3e786aef829604
jml4,jml4/AA0554.swc,test,553,8,1,Isocortex_layer5,raw/janelia_mouselight/swc/AA0554.swc,AA0554.swc,false,250980358e2bb571b4cea659cfde2be5494af4745f6cf9951fd725bc0e7c9558
jml4,jml4/AA0556.swc,train,555,1,1,Isocortex_layer5,raw/janelia_mouselight/swc/AA0556.swc,AA0556.swc,false,2f14cddc5527c37c40ebe9eb323b240e5a29cc29ee8c2817fcfe52c83a48c621
jml4,jml4/AA0575.swc,train,574,7,1,Isocortex_layer5,raw/janelia_mouselight/swc/AA0575.swc,AA0575.swc,false,31d630cfb46818d91d42cc569f9b99e1e7d51d70898b44583fc96d1bed66452e
jml4,jml4/AA0576.swc,train,575,4,1,Isocortex_layer5,raw/janelia_mouselight/swc/AA0576.swc,AA0576.swc,false,e49dbf18da38125ebcbfbcbd59f7128e3ef8f1b70984849e7c4873684e6e9818
jml4,jml4/AA0577.swc,train,576,2,1,Isocortex_layer5,raw/janelia_mouselight/swc/AA0577.swc,AA0577.swc,false,537ab0c4bb265277f45750f1aee8a36500bc15ca3832ae5dbc5aee840c218eb9
jml4,jml4/AA0578.swc,train,577,6,1,Isocortex_layer5,raw/janelia_mouselight/swc/AA0578.swc,AA0578.swc,false,fc31c15df875638e38e851320f32b33a666bfffcf0745310f0afd187fd801bf3
jml4,jml4/AA0582.swc,test,581,9,0,Isocortex_layer23,raw/janelia_mouselight/swc/AA0582.swc,AA0582.swc,false,ecb021d7eeea63289749141ec04b460a2ab1ddf3b46da0d8f56aa3c6e8003c86
jml4,jml4/AA0583.swc,train,582,2,0,Isocortex_layer23,raw/janelia_mouselight/swc/AA0583.swc,AA0583.swc,false,f20c7c9acbcee8bcbeee96e551197d3494e20a54e0cdb922aee3dc7c6dbf2030
jml4,jml4/AA0587.swc,train,586,5,0,Isocortex_layer23,raw/janelia_mouselight/swc/AA0587.swc,AA0587.swc,false,ee8081b6c2c0962b12924d4074cf08c0cec8dc20b844877df0e85de80ff219e2
jml4,jml4/AA0596.swc,test,595,8,0,Isocortex_layer23,raw/janelia_mouselight/swc/AA0596.swc,AA0596.swc,false,6199fc4f052e304f8e3ac1c1bc69a289da48cb118a3b17f7e6a8a6816cd57e59
jml4,jml4/AA0599.swc,test,598,9,1,Isocortex_layer5,raw/janelia_mouselight/swc/AA0599.swc,AA0599.swc,false,2f8eb4b8eeb63402272e8a7e31e84693ff55b617c7299475ad7d748040ce02d6
jml4,jml4/AA0600.swc,train,599,0,1,Isocortex_layer5,raw/janelia_mouselight/swc/AA0600.swc,AA0600.swc,false,6ce82969fc0cdb1548458f709893884a21c6855b22989cc18dafa183a90f7c99
jml4,jml4/AA0602.swc,train,601,5,2,Isocortex_layer6,raw/janelia_mouselight/swc/AA0602.swc,AA0602.swc,false,95d06cecca8575cac064216147b79817889a16b42d2cf8a70d73c8571ca2eba3
jml4,jml4/AA0603.swc,train,602,5,1,Isocortex_layer5,raw/janelia_mouselight/swc/AA0603.swc,AA0603.swc,false,7a4224e796527249143e83f56683d322c30a27d467ee79e66757eff390caef7f
jml4,jml4/AA0605.swc,train,604,5,1,Isocortex_layer5,raw/janelia_mouselight/swc/AA0605.swc,AA0605.swc,false,46d7cb991b98dd65809f72f11d7168f11f8cfc254da8f047b0d66048a76f6088
jml4,jml4/AA0619.swc,train,618,1,2,Isocortex_layer6,raw/janelia_mouselight/swc/AA0619.swc,AA0619.swc,false,74374f83abeef8a204035ee9c66a7e709abe27696132f6c4debb19eff57a2653
jml4,jml4/AA0623.swc,test,622,8,1,Isocortex_layer5,raw/janelia_mouselight/swc/AA0623.swc,AA0623.swc,false,e8a311d49e904d3f00da0a3bd2e403fe86c86b9440874b015490d7c3bde351f9
jml4,jml4/AA0625.swc,train,624,4,0,Isocortex_layer23,raw/janelia_mouselight/swc/AA0625.swc,AA0625.swc,false,c3d3c76145669154a4aa579985f6e5ad2e23dac8e19f6c10f4a14da84713f9b6
jml4,jml4/AA0626.swc,train,625,3,1,Isocortex_layer5,raw/janelia_mouselight/swc/AA0626.swc,AA0626.swc,false,db4c1ffe28ddd1bd517794b8994c2ff0bc614e2c51143cce8df1d76afbacb13f
jml4,jml4/AA0628.swc,train,627,5,1,Isocortex_layer5,raw/janelia_mouselight/swc/AA0628.swc,AA0628.swc,false,661137e4d4e701d9cab4d991823e02ec7f71a717adfd340437a20ddd74cb4e23
jml4,jml4/AA0632.swc,train,631,2,1,Isocortex_layer5,raw/janelia_mouselight/swc/AA0632.swc,AA0632.swc,false,b156e28efbc48405f783c8d3b2a97e8d6c632d45eb9e2c9032bf99637435a527
jml4,jml4/AA0633.swc,train,632,3,1,Isocortex_layer5,raw/janelia_mouselight/swc/AA0633.swc,AA0633.swc,false,77e054687806d05b0f5940ddf902d16c0dcb64c8294d2306fa0c3535afae489f
jml4,jml4/AA0634.swc,train,633,4,1,Isocortex_layer5,raw/janelia_mouselight/swc/AA0634.swc,AA0634.swc,false,9c2c21430e67fff4a545415cb1e77b9a74af9b20fb52cebb9a1d23c690c9aa79
jml4,jml4/AA0635.swc,train,634,0,0,Isocortex_layer23,raw/janelia_mouselight/swc/AA0635.swc,AA0635.swc,false,7c3a850ff4473e9d864b7f3a3f2ed2df364ccf12c22d07641302d37546e6da31
jml4,jml4/AA0636.swc,train,635,7,0,Isocortex_layer23,raw/janelia_mouselight/swc/AA0636.swc,AA0636.swc,false,bee2ee33f7dc36224b5c2ba14de6a13fc614256bec673d38dc60509cf27c6774
jml4,jml4/AA0637.swc,train,636,1,0,Isocortex_layer23,raw/janelia_mouselight/swc/AA0637.swc,AA0637.swc,false,9b03dbb8bc3001bcff445ecce246d13c9b112ec6947047cd2ef9f25600a2893e
jml4,jml4/AA0638.swc,train,637,2,2,Isocortex_layer6,raw/janelia_mouselight/swc/AA0638.swc,AA0638.swc,false,40fc2e9fe64aa8d78e083899618e2e3f2fec86d4eb7d39d29ae9699277b8d57b
jml4,jml4/AA0639.swc,train,638,6,0,Isocortex_layer23,raw/janelia_mouselight/swc/AA0639.swc,AA0639.swc,false,484741c692e7c4f77fb145030524cbbfebf28048576781dd23c97f51888e6b19
jml4,jml4/AA0640.swc,test,639,8,1,Isocortex_layer5,raw/janelia_mouselight/swc/AA0640.swc,AA0640.swc,false,60aa0f84fef418b219f1b3a4215bd1ca687857c4d022115818fe8420d12e8b94
jml4,jml4/AA0641.swc,test,640,9,2,Isocortex_layer6,raw/janelia_mouselight/swc/AA0641.swc,AA0641.swc,false,5f738e2c5bf6367a951b8f75fe4bc56157761a16e264d69c765a3141d5a830a5
jml4,jml4/AA0642.swc,test,641,9,1,Isocortex_layer5,raw/janelia_mouselight/swc/AA0642.swc,AA0642.swc,false,6675230c8ecda991955a7eedeeb465e806311770df91058f0ae98501100163be
jml4,jml4/AA0644.swc,train,643,6,1,Isocortex_layer5,raw/janelia_mouselight/swc/AA0644.swc,AA0644.swc,false,dd334cb0d2bc7ada392e37745ec63590704f9537d8a56225cfb84ed0c46b9196
jml4,jml4/AA0646.swc,train,645,7,1,Isocortex_layer5,raw/janelia_mouselight/swc/AA0646.swc,AA0646.swc,false,66d83feab3fbb2fd02e5756fa6b7cd340e6f013dbdd087be3444c11aa4d4db27
jml4,jml4/AA0647.swc,train,646,1,1,Isocortex_layer5,raw/janelia_mouselight/swc/AA0647.swc,AA0647.swc,false,8a98ad6d611ddeb4ba2935ff5e06bd7a9428930e1ce63aa3958828aec634a7ac
jml4,jml4/AA0648.swc,train,647,0,1,Isocortex_layer5,raw/janelia_mouselight/swc/AA0648.swc,AA0648.swc,false,527911a38a7bcdfe39531304e99b6d5d42c643c9f9a36f0b253217b6eb4021e4
jml4,jml4/AA0650.swc,test,649,8,1,Isocortex_layer5,raw/janelia_mouselight/swc/AA0650.swc,AA0650.swc,false,4ab779292d527c0c8db65092909f9316c0b6aa9894d9b0be7f9676dc654431ef
jml4,jml4/AA0654.swc,train,653,1,1,Isocortex_layer5,raw/janelia_mouselight/swc/AA0654.swc,AA0654.swc,false,700bccd7f3db2f7d58a39b89b2c615ddabaf5e7630cc8c7998b71140b37cfecc
jml4,jml4/AA0656.swc,train,655,7,1,Isocortex_layer5,raw/janelia_mouselight/swc/AA0656.swc,AA0656.swc,false,f1d21691f4a0596463f7360aa4b30a0c6432431d883834fa27f2ab119e5bec37
jml4,jml4/AA0659.swc,test,658,8,0,Isocortex_layer23,raw/janelia_mouselight/swc/AA0659.swc,AA0659.swc,false,6d1b059321a0d0b2ae5a0031844e9733f05916eae01d5ce7ed109493932bbe4b
jml4,jml4/AA0664.swc,train,663,4,1,Isocortex_layer5,raw/janelia_mouselight/swc/AA0664.swc,AA0664.swc,false,68f291b7651535c4d789fed10987f4b16c22615ed9405eaf53cdcc9c4ca29ecb
jml4,jml4/AA0666.swc,train,665,7,0,Isocortex_layer23,raw/janelia_mouselight/swc/AA0666.swc,AA0666.swc,false,eb64bdb920bf7620db7e7648db20712d66fbfaa80ada6523cef98549ad29942e
jml4,jml4/AA0667.swc,train,666,5,1,Isocortex_layer5,raw/janelia_mouselight/swc/AA0667.swc,AA0667.swc,false,25906353d56267a17eb38656d73b4f855f5de55005e88918048a5e363822e5cf
jml4,jml4/AA0668.swc,train,667,0,1,Isocortex_layer5,raw/janelia_mouselight/swc/AA0668.swc,AA0668.swc,false,99b0b03c46f3772126031c57c2e2a7d1d80ce162e85f9176839849ba7efd33c1
jml4,jml4/AA0669.swc,train,668,2,1,Isocortex_layer5,raw/janelia_mouselight/swc/AA0669.swc,AA0669.swc,false,8597b5ba58b03cdfbe87bf11f178725906be6e814dc1bef95e8bc631774ecb32
jml4,jml4/AA0670.swc,train,669,3,0,Isocortex_layer23,raw/janelia_mouselight/swc/AA0670.swc,AA0670.swc,false,0e2bffc3790b230ec084cec734cf079227bcc2b90bff791a06e3d4d996cf75d9
jml4,jml4/AA0672.swc,train,671,4,0,Isocortex_layer23,raw/janelia_mouselight/swc/AA0672.swc,AA0672.swc,false,74414ecfb76b6b1c5645b8cdd774e0638209563b1572f87f81bd9b661bd95ea7
jml4,jml4/AA0678.swc,train,677,6,2,Isocortex_layer6,raw/janelia_mouselight/swc/AA0678.swc,AA0678.swc,false,4e6220f870247b2c1ed15178a1fb52c8c9c1d422053cc99c9a69a74f7d3b19bf
jml4,jml4/AA0679.swc,train,678,5,2,Isocortex_layer6,raw/janelia_mouselight/swc/AA0679.swc,AA0679.swc,false,a3cebc48ea608f68ac52d4171ce661800eff215aaff07975f3e54f940a5949c6
jml4,jml4/AA0680.swc,train,679,2,2,Isocortex_layer6,raw/janelia_mouselight/swc/AA0680.swc,AA0680.swc,false,893faf2ea1a201f08239bb0af12511f0393a643b3b8c6835cae9e369941b93a7
jml4,jml4/AA0698.swc,train,697,4,2,Isocortex_layer6,raw/janelia_mouselight/swc/AA0698.swc,AA0698.swc,false,a07037708018c5c3cf2dabf7a07a26a0b6a2d3b8ff5fe2a9f7fa7cdf8e871be4
jml4,jml4/AA0699.swc,train,698,0,2,Isocortex_layer6,raw/janelia_mouselight/swc/AA0699.swc,AA0699.swc,false,e874406f3899ad31df951d9631e5712d6227bcddf9b6cac64254bb0f1bae5fcb
jml4,jml4/AA0711.swc,test,710,8,2,Isocortex_layer6,raw/janelia_mouselight/swc/AA0711.swc,AA0711.swc,false,c5814d0f7f0d6cef741d8e51e71e8a65bf81a3c468994b7e553b9c1fe84277d9
jml4,jml4/AA0712.swc,train,711,7,2,Isocortex_layer6,raw/janelia_mouselight/swc/AA0712.swc,AA0712.swc,false,a96b65ff88635e1764cf45eb3f15b27b42057168417e3db16e4b41cfee2b3df1
jml4,jml4/AA0726.swc,test,725,9,1,Isocortex_layer5,raw/janelia_mouselight/swc/AA0726.swc,AA0726.swc,false,f65bd5824bf1dd9f0f172a6b843aee71012ef063498faff025eda288e954120b
jml4,jml4/AA0727.swc,train,726,1,2,Isocortex_layer6,raw/janelia_mouselight/swc/AA0727.swc,AA0727.swc,false,ed34e67dbb66bcc25b05bb3f57edf759f970b385cbda9bb4ddef5ea14333d7cb
jml4,jml4/AA0732.swc,train,731,0,2,Isocortex_layer6,raw/janelia_mouselight/swc/AA0732.swc,AA0732.swc,false,22d2fcd508c77fea225811f45cc9611bfcca679df6443a3ff35f8729e2e5da56
jml4,jml4/AA0733.swc,train,732,3,2,Isocortex_layer6,raw/janelia_mouselight/swc/AA0733.swc,AA0733.swc,false,89fad565f402713f6bf437c064de18e998a5a930378229f5dcaf020e33a777d3
jml4,jml4/AA0734.swc,train,733,6,1,Isocortex_layer5,raw/janelia_mouselight/swc/AA0734.swc,AA0734.swc,false,43133b29bf8856a9d20dc6e88414e3f98dee7f24506b75b73a8a9a2d33c67526
jml4,jml4/AA0735.swc,train,734,3,1,Isocortex_layer5,raw/janelia_mouselight/swc/AA0735.swc,AA0735.swc,false,85d5a621f283d03ba14700286c8fc8f73a10d4f9dcef35cb2162fcfa5a663f79
jml4,jml4/AA0737.swc,train,736,2,2,Isocortex_layer6,raw/janelia_mouselight/swc/AA0737.swc,AA0737.swc,false,1dbbf91110226969f62eb00aa769399862de23e60927444bead706530ce7ab1c
jml4,jml4/AA0738.swc,train,737,5,0,Isocortex_layer23,raw/janelia_mouselight/swc/AA0738.swc,AA0738.swc,false,40e939f85d5581e7d047b4848eccc9c352fa2f34c9267fd9d13fb11026119b64
jml4,jml4/AA0739.swc,train,738,7,2,Isocortex_layer6,raw/janelia_mouselight/swc/AA0739.swc,AA0739.swc,false,e6dc22f5e6c139b15b5d56fb7c975fd965c3c44cd19b04d1c0e478a72303a63c
jml4,jml4/AA0740.swc,train,739,7,2,Isocortex_layer6,raw/janelia_mouselight/swc/AA0740.swc,AA0740.swc,false,b09c01b248fa21e5378b559bc1407a108b200841baf1dd01260280188ef68733
jml4,jml4/AA0741.swc,train,740,5,2,Isocortex_layer6,raw/janelia_mouselight/swc/AA0741.swc,AA0741.swc,false,55757b0ea2f4fe9a2bd68bab1a438c40d20faac1e1a2b679bd6e5cdf8240a5af
jml4,jml4/AA0742.swc,train,741,4,1,Isocortex_layer5,raw/janelia_mouselight/swc/AA0742.swc,AA0742.swc,false,4c6ba70ff200b2732dc9ee967c79d1a7ed7e0723490b13791eb6b3d9eb3f18f3
jml4,jml4/AA0743.swc,train,742,0,1,Isocortex_layer5,raw/janelia_mouselight/swc/AA0743.swc,AA0743.swc,false,876e0a4cfac276628ada9a9303cd30d082863bd42b9466462813b13d300c1867
jml4,jml4/AA0744.swc,train,743,2,1,Isocortex_layer5,raw/janelia_mouselight/swc/AA0744.swc,AA0744.swc,false,a770cd8aedea2d009adacc62390a9163c3a99da93e6faa22aeb3c06d4a50a044
jml4,jml4/AA0745.swc,train,744,1,1,Isocortex_layer5,raw/janelia_mouselight/swc/AA0745.swc,AA0745.swc,false,be9b2ea305cfba1452bf5719dc51ec6e3bf7a483a0435e5bbdfcef28d734fb12
jml4,jml4/AA0746.swc,test,745,9,1,Isocortex_layer5,raw/janelia_mouselight/swc/AA0746.swc,AA0746.swc,false,56f85f6da1c0d62924611cfd074088e91b86803b68e65570610a98ce56a19c55
jml4,jml4/AA0747.swc,test,746,8,2,Isocortex_layer6,raw/janelia_mouselight/swc/AA0747.swc,AA0747.swc,false,2d87798709fde620462438729ac9380f1cc247dc6ef099d80a52e1c50600a3a6
jml4,jml4/AA0748.swc,train,747,2,2,Isocortex_layer6,raw/janelia_mouselight/swc/AA0748.swc,AA0748.swc,false,57d410f16b2458922c2f4bfe8e72366124146a3ebfc349809328e4428ef10abf
jml4,jml4/AA0749.swc,train,748,5,1,Isocortex_layer5,raw/janelia_mouselight/swc/AA0749.swc,AA0749.swc,false,51f88354994c6ec6f3750f6c7b7aacc95b96b1471537cf294381c502e5aa53e9
jml4,jml4/AA0750.swc,test,749,9,3,VPM,raw/janelia_mouselight/swc/AA0750.swc,AA0750.swc,false,70b4109d16947c26cd31b5180bbcfabc656559d21ff704b9cc92bcd2e4b43db5
jml4,jml4/AA0754.swc,train,753,1,3,VPM,raw/janelia_mouselight/swc/AA0754.swc,AA0754.swc,false,1d6459a998fb38b2d4dc1dd5eb0d518800b041647175e0676464c8aa1edb2156
jml4,jml4/AA0755.swc,train,754,5,3,VPM,raw/janelia_mouselight/swc/AA0755.swc,AA0755.swc,false,28dfb3e9116f343ebf8788c170edffcb4cfd725cfd533a6c74998ed595b91dca
jml4,jml4/AA0764.swc,train,763,6,1,Isocortex_layer5,raw/janelia_mouselight/swc/AA0764.swc,AA0764.swc,false,e2803ffab1fb0d0ee6ba986cfcc264b4d202934ceaf63748c7dfaf3f59c32c9a
jml4,jml4/AA0765.swc,train,764,4,0,Isocortex_layer23,raw/janelia_mouselight/swc/AA0765.swc,AA0765.swc,false,042b61e27f739fffd297a8607760bbe8b58efdd29bff154ecb726d3c4d0f0950
jml4,jml4/AA0766.swc,train,765,1,2,Isocortex_layer6,raw/janelia_mouselight/swc/AA0766.swc,AA0766.swc,false,e808327480ee263410f3185c3698d0f7167b373955ffb5aaca624f140e668db3
jml4,jml4/AA0767.swc,train,766,3,1,Isocortex_layer5,raw/janelia_mouselight/swc/AA0767.swc,AA0767.swc,false,4edeb5f84277f0cff2cb363fe56c7fab68bac5197e6d946a5cfe2d0decd2cb8c
jml4,jml4/AA0769.swc,train,768,4,2,Isocortex_layer6,raw/janelia_mouselight/swc/AA0769.swc,AA0769.swc,false,2e863072a26b1989c0e3b34e71fd5e1a0c6715f4bda3835fb9336a55048937b1
jml4,jml4/AA0770.swc,train,769,0,2,Isocortex_layer6,raw/janelia_mouselight/swc/AA0770.swc,AA0770.swc,false,4a6906f844fb127fc18e817cdd0b1a996c5756283e6f3b748a82b4b75bdb481e
jml4,jml4/AA0771.swc,train,770,1,1,Isocortex_layer5,raw/janelia_mouselight/swc/AA0771.swc,AA0771.swc,false,e90a509366a5fc71aa42dd3e967690f15a29c9ef17f507368dd4bcea977423e0
jml4,jml4/AA0772.swc,test,771,8,1,Isocortex_layer5,raw/janelia_mouselight/swc/AA0772.swc,AA0772.swc,false,2037d9d306f45164784a64eb77341ab196be24a09a623054bfdfd837148f6615
jml4,jml4/AA0773.swc,train,772,7,1,Isocortex_layer5,raw/janelia_mouselight/swc/AA0773.swc,AA0773.swc,false,09f38949b90fcf1ae15f5d109a272e6da424c6db1c007a29504003ae0e903c16
jml4,jml4/AA0774.swc,train,773,6,1,Isocortex_layer5,raw/janelia_mouselight/swc/AA0774.swc,AA0774.swc,false,7b723faad17b459a470b3273d2d6d82ec216e334bf5c39836f977a2b306ac4b5
jml4,jml4/AA0775.swc,train,774,3,2,Isocortex_layer6,raw/janelia_mouselight/swc/AA0775.swc,AA0775.swc,false,29c5a44f64080cfe2d32067ed0d7647fca3e8128f064e98dfca72af5de088d5c
jml4,jml4/AA0777.swc,train,776,5,2,Isocortex_layer6,raw/janelia_mouselight/swc/AA0777.swc,AA0777.swc,false,9125840af54dba314708ae8293b4ff571175d6bc9c6b741ceccb21771fc6a69f
jml4,jml4/AA0780.swc,train,779,1,1,Isocortex_layer5,raw/janelia_mouselight/swc/AA0780.swc,AA0780.swc,false,56383e5edf81f79cc00fdc93b73ae54165926d4bf21ab7d2a81a23f5437bdaf4
jml4,jml4/AA0781.swc,train,780,6,2,Isocortex_layer6,raw/janelia_mouselight/swc/AA0781.swc,AA0781.swc,false,92152c98508696c4b61a7916ed8effca8a27e74efb7c8d5c0aca4124891dd6c6
jml4,jml4/AA0782.swc,train,781,0,0,Isocortex_layer23,raw/janelia_mouselight/swc/AA0782.swc,AA0782.swc,false,1af4e1752f1ada323abc45b82999bdd275efc80eafdcdd9ba26ac0f97e4fb2d3
jml4,jml4/AA0783.swc,test,782,9,2,Isocortex_layer6,raw/janelia_mouselight/swc/AA0783.swc,AA0783.swc,false,64a7d355c9ae441858867374c499e3f53fa02d265cc2d711b26be91975ad0ebe
jml4,jml4/AA0784.swc,train,783,2,2,Isocortex_layer6,raw/janelia_mouselight/swc/AA0784.swc,AA0784.swc,false,42f69901ac340c82033fdd273fddc09c970412573afa0cfd01f1caf63e269856
jml4,jml4/AA0785.swc,train,784,3,1,Isocortex_layer5,raw/janelia_mouselight/swc/AA0785.swc,AA0785.swc,false,d33b4533790c5d82b31eb661e6690855b4fb3f2c69d1e09b5c2073a2b43e0224
jml4,jml4/AA0786.swc,test,785,8,1,Isocortex_layer5,raw/janelia_mouselight/swc/AA0786.swc,AA0786.swc,false,193bd1dc232a2f6fdbe926177cc5804aa112711aadec9c3589603d7ccc4909b7
jml4,jml4/AA0787.swc,train,786,2,1,Isocortex_layer5,raw/janelia_mouselight/swc/AA0787.swc,AA0787.swc,false,3f54e30fea351f22aaf24a50cac200c7be76ebb954640bb404095772732fe390
jml4,jml4/AA0788.swc,train,787,7,1,Isocortex_layer5,raw/janelia_mouselight/swc/AA0788.swc,AA0788.swc,false,e609788c57bb5cf4c5526d8ca721dd3f5f58f1cb2a2d5bcce7c4f1088e8664b5
jml4,jml4/AA0789.swc,train,788,6,1,Isocortex_layer5,raw/janelia_mouselight/swc/AA0789.swc,AA0789.swc,false,37825e1f18dd4342b11ffccd2cbb0d02b955171edb3cb959ebe5bc9e523b462b
jml4,jml4/AA0790.swc,train,789,5,1,Isocortex_layer5,raw/janelia_mouselight/swc/AA0790.swc,AA0790.swc,false,a24ea737cbb78e6ed8b6be910a1de4d3366a34e275e8b42f940da2d66ade0dd6
jml4,jml4/AA0791.swc,test,790,9,1,Isocortex_layer5,raw/janelia_mouselight/swc/AA0791.swc,AA0791.swc,false,9f7faa93a7c91fc6a74a675f6baedc8b28902098320145e2ef361e02ea4c7a0b
jml4,jml4/AA0792.swc,train,791,0,1,Isocortex_layer5,raw/janelia_mouselight/swc/AA0792.swc,AA0792.swc,false,577d848a45cdf5b9ce800497f4603e6eaabd02f7b6d8bb749fecd5ae06607cbc
jml4,jml4/AA0793.swc,train,792,6,0,Isocortex_layer23,raw/janelia_mouselight/swc/AA0793.swc,AA0793.swc,false,35ea149f146cb34bde7425694cdb4713cb8eaeafa5861a645f8704cf231606cf
jml4,jml4/AA0794.swc,train,793,4,1,Isocortex_layer5,raw/janelia_mouselight/swc/AA0794.swc,AA0794.swc,false,fffeb2bd88422709b72c3ec5aed7b9fc24e4c7ed4520edf9fdcc4d1e56592b0a
jml4,jml4/AA0795.swc,test,794,9,0,Isocortex_layer23,raw/janelia_mouselight/swc/AA0795.swc,AA0795.swc,false,61045cb2ec1872717ea2f54bc17d61a2f9375390d1c4410d24d1fda62cce51b2
jml4,jml4/AA0796.swc,train,795,5,1,Isocortex_layer5,raw/janelia_mouselight/swc/AA0796.swc,AA0796.swc,false,36ecfad4f92dc12f54426fba64a10640aa50d6f00c5613e9356c370fdb19aca6
jml4,jml4/AA0797.swc,train,796,2,1,Isocortex_layer5,raw/janelia_mouselight/swc/AA0797.swc,AA0797.swc,false,76c1457896938c52d5b5d59b818c83714999d3d79f299fc0e5ca3365447651e2
jml4,jml4/AA0798.swc,test,797,9,1,Isocortex_layer5,raw/janelia_mouselight/swc/AA0798.swc,AA0798.swc,false,ec321bebc4bf77a3d4c85d0494767c311f7d4fb0cef8ae3a18e3da59a8e9cc34
jml4,jml4/AA0799.swc,train,798,6,2,Isocortex_layer6,raw/janelia_mouselight/swc/AA0799.swc,AA0799.swc,false,0b9e7c8c805632f53bbbc0d8333290ca4a101aa30d763aab53096553a2c63588
jml4,jml4/AA0800.swc,train,799,7,0,Isocortex_layer23,raw/janelia_mouselight/swc/AA0800.swc,AA0800.swc,false,8fb3230da62b7747989f4c2050a447c30ae70fa3e428e70a4134f3a2a4a16887
jml4,jml4/AA0801.swc,train,800,0,0,Isocortex_layer23,raw/janelia_mouselight/swc/AA0801.swc,AA0801.swc,false,de22602dc36d70c76c984faea7fb2eb85d6d9fc6eee9cdd90c4047a8114ae1a0
jml4,jml4/AA0802.swc,train,801,2,0,Isocortex_layer23,raw/janelia_mouselight/swc/AA0802.swc,AA0802.swc,false,648cc1f0acad56e4637ad8505276deb2d2b8a29a7ce45499f4b25be75137cfa4
jml4,jml4/AA0803.swc,train,802,1,0,Isocortex_layer23,raw/janelia_mouselight/swc/AA0803.swc,AA0803.swc,false,660304dca36a820912ef41125ab2d089b69f95db8f381fe4bd661d02c6a33434
jml4,jml4/AA0807.swc,train,806,2,0,Isocortex_layer23,raw/janelia_mouselight/swc/AA0807.swc,AA0807.swc,false,f2352786f54876cbae0a855c763010f614b168bd08f5ef540fce1c08ecbebeba
jml4,jml4/AA0817.swc,train,816,1,1,Isocortex_layer5,raw/janelia_mouselight/swc/AA0817.swc,AA0817.swc,false,43df5b4dfeb8a60ad6bf302cc780ad4fa2aa6c8a336f2a1026bb706a6eaa0046
jml4,jml4/AA0832.swc,train,831,7,2,Isocortex_layer6,raw/janelia_mouselight/swc/AA0832.swc,AA0832.swc,false,95a12671f3e2c4aea40c189ebbd1b0ce963c6617c9e152b488edef583e17235e
jml4,jml4/AA0833.swc,train,832,6,2,Isocortex_layer6,raw/janelia_mouselight/swc/AA0833.swc,AA0833.swc,false,c4d1322639a4709ad193b6b2ab71b8ec9b615ed6c681d8030754b4c7cd829183
jml4,jml4/AA0835.swc,train,834,0,2,Isocortex_layer6,raw/janelia_mouselight/swc/AA0835.swc,AA0835.swc,false,aabd42695e0e213baafb591467cecccbcff8c285ac71de2465432b3ac27976fc
jml4,jml4/AA0836.swc,train,835,5,2,Isocortex_layer6,raw/janelia_mouselight/swc/AA0836.swc,AA0836.swc,false,96f871710456eca7d0a7dfacb4dbf50ae2adc1cf0c1f78c8287303837eae34dd
jml4,jml4/AA0837.swc,train,836,3,1,Isocortex_layer5,raw/janelia_mouselight/swc/AA0837.swc,AA0837.swc,false,6f5a1dcba7c624aaa6c0f33904eaa5eaf28e8ce2a003967571578a4d6915cd4f
jml4,jml4/AA0838.swc,test,837,8,2,Isocortex_layer6,raw/janelia_mouselight/swc/AA0838.swc,AA0838.swc,false,265a93f3531dedb53ff1fee8368bea1525286ad6dea87c7e65ec1eca8988497d
jml4,jml4/AA0839.swc,train,838,1,2,Isocortex_layer6,raw/janelia_mouselight/swc/AA0839.swc,AA0839.swc,false,7da14684d5e8cb3c48e20361ae6b6cd2dbccc023cf97731994f10d83522b9444
jml4,jml4/AA0840.swc,train,839,4,1,Isocortex_layer5,raw/janelia_mouselight/swc/AA0840.swc,AA0840.swc,false,9f57b69d30dd4ca2a6ab4a985204cb2953b38a597a6d53828ed57c28ed3577ea
jml4,jml4/AA0841.swc,train,840,5,1,Isocortex_layer5,raw/janelia_mouselight/swc/AA0841.swc,AA0841.swc,false,4e034a0ea0b6cf1b4d368b56cef6a185d0f90b5b7b8a5f3c301b1c98ed886343
jml4,jml4/AA0842.swc,train,841,7,1,Isocortex_layer5,raw/janelia_mouselight/swc/AA0842.swc,AA0842.swc,false,f9b94d1e34622d87d9fb2c9ba4918481b8aceb3473942e9f7addbf9722b3afdb
jml4,jml4/AA0844.swc,train,843,4,2,Isocortex_layer6,raw/janelia_mouselight/swc/AA0844.swc,AA0844.swc,false,26c6d1a5dacd635889f009bffbc632f995980ed597ee1425d9a81dee3e5c0e23
jml4,jml4/AA0845.swc,train,844,3,1,Isocortex_layer5,raw/janelia_mouselight/swc/AA0845.swc,AA0845.swc,false,8a5dc976bd95709373ef1e61a303203d550244468ec77948205ea0a9279da020
jml4,jml4/AA0846.swc,test,845,8,1,Isocortex_layer5,raw/janelia_mouselight/swc/AA0846.swc,AA0846.swc,false,abcec0b1dc53dd0b64d7a0adbf79cf11a760e372cc1f02f2057d0db27be2dc5a
jml4,jml4/AA0853.swc,train,852,6,1,Isocortex_layer5,raw/janelia_mouselight/swc/AA0853.swc,AA0853.swc,false,2b10ae7aaf27ea33eea5ff5e91bbc884bd8dce30814be6f9e2354d0b257c08ec
jml4,jml4/AA0854.swc,train,853,0,1,Isocortex_layer5,raw/janelia_mouselight/swc/AA0854.swc,AA0854.swc,false,89ff14d924185ba1251ac66b5eecd5aa663317ec04e9655596583b5ca56a7b14
jml4,jml4/AA0856.swc,train,855,0,2,Isocortex_layer6,raw/janelia_mouselight/swc/AA0856.swc,AA0856.swc,false,6ce73110b8f6fd03e0618ba8ba257fdef6938684198a2d1182b98edb3556ff8d
jml4,jml4/AA0857.swc,train,856,0,2,Isocortex_layer6,raw/janelia_mouselight/swc/AA0857.swc,AA0857.swc,false,9eadd4d466d15583e38ee8a8166f31ea624c5472b62e752ca9c93f7dab8f92c7
jml4,jml4/AA0858.swc,test,857,8,1,Isocortex_layer5,raw/janelia_mouselight/swc/AA0858.swc,AA0858.swc,false,1c2e2e7411d7664f0aba0cde26ec1ece513f27fa12bb11ba15458d88f2b4bf1b
jml4,jml4/AA0859.swc,train,858,7,0,Isocortex_layer23,raw/janelia_mouselight/swc/AA0859.swc,AA0859.swc,false,c497a00e7d9a148662710e17c1cf4a27a442348197d86caf61fb5a6315a82f03
jml4,jml4/AA0863.swc,train,862,2,1,Isocortex_layer5,raw/janelia_mouselight/swc/AA0863.swc,AA0863.swc,false,3af23682b701b07fb955e256e599515509b017d132069eec37b9c7009608f507
jml4,jml4/AA0865.swc,train,864,4,0,Isocortex_layer23,raw/janelia_mouselight/swc/AA0865.swc,AA0865.swc,false,65e4df1ed5b33181bf2f320566e2dec56c1512fddf5daa83afd088e452a3d2f1
jml4,jml4/AA0866.swc,test,865,8,0,Isocortex_layer23,raw/janelia_mouselight/swc/AA0866.swc,AA0866.swc,false,17373899c5dc6efbc5235a54d87bd06d170fc4175053366254eddddf7989e6e4
jml4,jml4/AA0867.swc,train,866,3,1,Isocortex_layer5,raw/janelia_mouselight/swc/AA0867.swc,AA0867.swc,false,24f92c7b41e5ce0248ed629a1eda907fd7f218e3dc84dca0ed4ba15f3fab4a95
jml4,jml4/AA0868.swc,train,867,4,1,Isocortex_layer5,raw/janelia_mouselight/swc/AA0868.swc,AA0868.swc,false,13249c1cbc043bc091452991250ee2cc748984504e9edc085c1ba67bb83d53f0
jml4,jml4/AA0870.swc,train,869,1,0,Isocortex_layer23,raw/janelia_mouselight/swc/AA0870.swc,AA0870.swc,false,a392b33ebdf2abf85edd891453d8e3248949a0d506de674392a7a2d919f1302f
jml4,jml4/AA0872.swc,train,871,5,0,Isocortex_layer23,raw/janelia_mouselight/swc/AA0872.swc,AA0872.swc,false,99dd6412625e2b5458f86fd30005d4e7709fe6bc44808b2e915307eb5d3137b9
jml4,jml4/AA0873.swc,train,872,2,0,Isocortex_layer23,raw/janelia_mouselight/swc/AA0873.swc,AA0873.swc,false,aae076a6ed810869ca762cd678d58012d00986a72791b4cc8e4553913ed9acf0
jml4,jml4/AA0874.swc,train,873,7,1,Isocortex_layer5,raw/janelia_mouselight/swc/AA0874.swc,AA0874.swc,false,a2ace38a250edb5f64db2c0228cc696209d12f686719844f97242bd875910e1b
jml4,jml4/AA0876.swc,train,875,3,2,Isocortex_layer6,raw/janelia_mouselight/swc/AA0876.swc,AA0876.swc,false,39774a1129a2c83bb79042ace3a16449cf3e6047945abf35c8a4f828c15634a2
jml4,jml4/AA0880.swc,train,879,1,1,Isocortex_layer5,raw/janelia_mouselight/swc/AA0880.swc,AA0880.swc,false,09fe0feec36f43a83f77c15eaf92eea844c48c4fef33ddeb215ad26f3e73ecbf
jml4,jml4/AA0882.swc,train,881,0,1,Isocortex_layer5,raw/janelia_mouselight/swc/AA0882.swc,AA0882.swc,false,aef2543d4fdab5a259ecf71b4660aeccd87e9bb5445ee50cdb262db7ddeab077
jml4,jml4/AA0883.swc,test,882,9,1,Isocortex_layer5,raw/janelia_mouselight/swc/AA0883.swc,AA0883.swc,false,25f53a4d41d06421e0b4e322eea77b7e271562e93fba1e5a462d7e3abe47f13e
jml4,jml4/AA0884.swc,train,883,5,0,Isocortex_layer23,raw/janelia_mouselight/swc/AA0884.swc,AA0884.swc,false,d429587c1b87da8e67f83f185356348122d644c91289d00eb22a05dace6b8ec3
jml4,jml4/AA0887.swc,train,886,7,1,Isocortex_layer5,raw/janelia_mouselight/swc/AA0887.swc,AA0887.swc,false,7e05a9918730c0adfecbe8cc96984419d51f4dc3a982ea785ec1cd19871a7795
jml4,jml4/AA0888.swc,test,887,9,1,Isocortex_layer5,raw/janelia_mouselight/swc/AA0888.swc,AA0888.swc,false,d74890a7e7092e621bff95358768a4bef9658c831375a28f296ab68c9fafd876
jml4,jml4/AA0889.swc,train,888,5,1,Isocortex_layer5,raw/janelia_mouselight/swc/AA0889.swc,AA0889.swc,false,433812d5c27cfa5ca906908281c1a418634ece276ee2d6b1c44adc97613a6e18
jml4,jml4/AA0892.swc,train,891,6,1,Isocortex_layer5,raw/janelia_mouselight/swc/AA0892.swc,AA0892.swc,false,a301ea10de37fc52ab2e20590b97237ddf3697c865fad45edf06a2330348a378
jml4,jml4/AA0893.swc,train,892,7,2,Isocortex_layer6,raw/janelia_mouselight/swc/AA0893.swc,AA0893.swc,false,611330205527ec1e35e6ba2efbf661cf44ce4a1f4e75e41cd08a332bc1740829
jml4,jml4/AA0897.swc,test,896,9,0,Isocortex_layer23,raw/janelia_mouselight/swc/AA0897.swc,AA0897.swc,false,1fef791649e58b59a30ce6247aa2546ac292c079802ae944f3dba9da3f65ead9
jml4,jml4/AA0898.swc,train,897,3,1,Isocortex_layer5,raw/janelia_mouselight/swc/AA0898.swc,AA0898.swc,false,9f8944d4415ee83d7957cd346d3e7bc56cbc1c5738d8ea581faf25eb17b32909
jml4,jml4/AA0899.swc,train,898,7,1,Isocortex_layer5,raw/janelia_mouselight/swc/AA0899.swc,AA0899.swc,false,68562fe120788ee3151406c89598d2c9c9361eee960dec25e04e0ca658f62f9c
jml4,jml4/AA0900.swc,train,899,4,2,Isocortex_layer6,raw/janelia_mouselight/swc/AA0900.swc,AA0900.swc,false,b856ca42eeb24cbed63b36ace18d1b0795b3142392fa4aae52ca66bbc9063f51
jml4,jml4/AA0903.swc,test,902,8,2,Isocortex_layer6,raw/janelia_mouselight/swc/AA0903.swc,AA0903.swc,false,5e4f71901cf442e11cadf604ec86634d93a86d63c71f98e71021b9e75c6d8f3c
jml4,jml4/AA0905.swc,train,904,2,1,Isocortex_layer5,raw/janelia_mouselight/swc/AA0905.swc,AA0905.swc,false,092c76fb204926ae7cc078f28e9bd29f550c90cc90e5eb19d6fb563a6fc1b54c
jml4,jml4/AA0906.swc,test,905,8,1,Isocortex_layer5,raw/janelia_mouselight/swc/AA0906.swc,AA0906.swc,false,3469cf72a2dd403e9494cf88f745aee02492ec8d69d7405c88a7b40e4805946d
jml4,jml4/AA0907.swc,train,906,4,1,Isocortex_layer5,raw/janelia_mouselight/swc/AA0907.swc,AA0907.swc,false,cbd8c30ea83028e656f8d672deab191649268fd2c28043ebb8d2bfa8184464d2
jml4,jml4/AA0908.swc,train,907,0,2,Isocortex_layer6,raw/janelia_mouselight/swc/AA0908.swc,AA0908.swc,false,58a7d1f6a57d88d8dc913f978b0036174413e3dcd0988a73a01059fca58746c3
jml4,jml4/AA0911.swc,test,910,8,2,Isocortex_layer6,raw/janelia_mouselight/swc/AA0911.swc,AA0911.swc,false,cb8de3f337fbd295bb81bcc61c6f5566184dd82150c0392256e401ba4cd288fa
jml4,jml4/AA0913.swc,train,912,1,1,Isocortex_layer5,raw/janelia_mouselight/swc/AA0913.swc,AA0913.swc,false,2a478ca32d64475b29dc088764080980da5b8505e6103a11e685e75c71b4b35d
jml4,jml4/AA0914.swc,train,913,3,0,Isocortex_layer23,raw/janelia_mouselight/swc/AA0914.swc,AA0914.swc,false,e576090ea1f1a5f25976caee6dd527e161c9e7a3e558aab17a28f92fddca10bc
jml4,jml4/AA0915.swc,train,914,0,0,Isocortex_layer23,raw/janelia_mouselight/swc/AA0915.swc,AA0915.swc,false,c25770df28117092d89485213f5eccf2ef3d3baa07da7a6c244d34f906b1fd72
jml4,jml4/AA0916.swc,train,915,1,0,Isocortex_layer23,raw/janelia_mouselight/swc/AA0916.swc,AA0916.swc,false,4eef53f2383269bf10c12e8460b6277e8689d0d097c28e8b5edaf32f9cdb7298
jml4,jml4/AA0919.swc,train,918,1,1,Isocortex_layer5,raw/janelia_mouselight/swc/AA0919.swc,AA0919.swc,false,029ea3074e84e759922948b79fffeea463f389b27e2e90f356f6690be5f10881
jml4,jml4/AA0920.swc,train,919,3,3,VPM,raw/janelia_mouselight/swc/AA0920.swc,AA0920.swc,false,f36c4e4945a06958192e8fb1551b3c48604848e3360622b3bbfc9aac07cbc942
jml4,jml4/AA0929.swc,train,928,5,0,Isocortex_layer23,raw/janelia_mouselight/swc/AA0929.swc,AA0929.swc,false,7fa2b536470b598ba3f5ac1a942b05cd8182ed4ce5c6915eba7311e146239a08
jml4,jml4/AA0941.swc,train,940,6,1,Isocortex_layer5,raw/janelia_mouselight/swc/AA0941.swc,AA0941.swc,false,a05a3691316db92e7ccc898ac5d6c4bfca036d9b427280bcb18b205dce1aa277
jml4,jml4/AA0944.swc,train,943,3,1,Isocortex_layer5,raw/janelia_mouselight/swc/AA0944.swc,AA0944.swc,false,24d7911061adbfdd33f1e73ab8b256fa6a5c853b99be09e00874155cdf83b3cb
jml4,jml4/AA0945.swc,test,944,8,1,Isocortex_layer5,raw/janelia_mouselight/swc/AA0945.swc,AA0945.swc,false,497c5d6698daeeb9d26e45030874dd12dce44e361b667996553b5eb37f346324
jml4,jml4/AA0949.swc,train,948,6,1,Isocortex_layer5,raw/janelia_mouselight/swc/AA0949.swc,AA0949.swc,false,e5ecfe1a48b8c158751be1125fdc6100b60b66ee946ecec0a3a474d16b45ae2c
jml4,jml4/AA0994.swc,train,993,1,2,Isocortex_layer6,raw/janelia_mouselight/swc/AA0994.swc,AA0994.swc,false,ebe584ccc369432efb7fc5e467ca582e2d0ef67a0f9811dc7729ed3bdbc4a064
jml4,jml4/AA1000.swc,test,999,8,2,Isocortex_layer6,raw/janelia_mouselight/swc/AA1000.swc,AA1000.swc,false,a4e042b9d2ab0d88e537fc9f4c92ca8a6c67e0c9fe3c0d2ab0cf07fcfa011a40
jml4,jml4/AA1042.swc,train,1041,3,1,Isocortex_layer5,raw/janelia_mouselight/swc/AA1042.swc,AA1042.swc,false,7c1f44a293158dbfea28792c228b53e95af6eb1325ea16d5fd0965be6101a504
jml4,jml4/AA1045.swc,train,1044,4,1,Isocortex_layer5,raw/janelia_mouselight/swc/AA1045.swc,AA1045.swc,false,439f5f14e45b23b804815cc7e919f3a2bfd60696bb6d60de4e78c507218762b0
jml4,jml4/AA1049.swc,train,1048,2,1,Isocortex_layer5,raw/janelia_mouselight/swc/AA1049.swc,AA1049.swc,false,9c1ebfa3d275fd93da8edc8ce7c64492afc2d620c176c7dbe77d630bc472df86
jml4,jml4/AA1078.swc,train,1077,7,1,Isocortex_layer5,raw/janelia_mouselight/swc/AA1078.swc,AA1078.swc,false,2305c490792fce2cfda51462823eca91d8b27f349782b2d21cdb2d17c873b0a9
jml4,jml4/AA1088.swc,train,1087,2,2,Isocortex_layer6,raw/janelia_mouselight/swc/AA1088.swc,AA1088.swc,false,6ae2c5d1f7e8503c3584374541431ee62542ca64856794ad625084d1ec5863f8
jml4,jml4/AA1096.swc,train,1095,6,0,Isocortex_layer23,raw/janelia_mouselight/swc/AA1096.swc,AA1096.swc,false,8b951d43ec240f7b5bb710272f918515fac52eff6ab254d0ba8a0f889d8eec7c
jml4,jml4/AA1102.swc,train,1101,1,0,Isocortex_layer23,raw/janelia_mouselight/swc/AA1102.swc,AA1102.swc,false,be1d4af11986f14a09f5961441eb8fe4757b5273ccb94e627f42f29d22ce3544
jml4,jml4/AA1103.swc,train,1102,2,3,VPM,raw/janelia_mouselight/swc/AA1103.swc,AA1103.swc,false,7a17ff1924367887da5b9d2d55b5c8702e519610899ec1c68d70d25960f9d31b
jml4,jml4/AA1105.swc,train,1104,0,0,Isocortex_layer23,raw/janelia_mouselight/swc/AA1105.swc,AA1105.swc,false,9d508125cd937d97870c99c9484aaac38253434d976dba4193bc2b20444f298e
jml4,jml4/AA1106.swc,train,1105,0,3,VPM,raw/janelia_mouselight/swc/AA1106.swc,AA1106.swc,false,0ce72ed07dc344424660c1d688e9ac926c7fadbb28d5666363d8a3dd87a5a8a0
jml4,jml4/AA1109.swc,test,1108,8,0,Isocortex_layer23,raw/janelia_mouselight/swc/AA1109.swc,AA1109.swc,false,b400d8ec8364283555cdd56fbe7408bbaecefb5f5cdd0d79b33c3fa7fc4ac80c
jml4,jml4/AA1110.swc,test,1109,9,2,Isocortex_layer6,raw/janelia_mouselight/swc/AA1110.swc,AA1110.swc,false,ccf210f528a2591de17f22ea6525513a382239f0804c1dbaeb856e0a2f465b65
jml4,jml4/AA1111.swc,train,1110,2,0,Isocortex_layer23,raw/janelia_mouselight/swc/AA1111.swc,AA1111.swc,false,24da88bf3dfc638058296a4e5dec47d94720d4f540379567dcc0bc15cd00d1f5
jml4,jml4/AA1112.swc,test,1111,9,1,Isocortex_layer5,raw/janelia_mouselight/swc/AA1112.swc,AA1112.swc,false,5de8b57d5e9e861b4c00d2476d643144fec16ae84bb8a9d9878e566462c487ed
jml4,jml4/AA1121.swc,train,1113,6,0,Isocortex_layer23,raw/janelia_mouselight/swc/AA1121.swc,AA1121.swc,false,78608d17c2edad4c55f29de7212df4e25e4ce3dfbaf20328fc35f184ed451880
jml4,jml4/AA1123.swc,test,1115,9,2,Isocortex_layer6,raw/janelia_mouselight/swc/AA1123.swc,AA1123.swc,false,6168daafc4e8be9027841c9bf5c0fce4ed1a9bd0ef946813a05ab049b8440a5d
jml4,jml4/AA1124.swc,train,1116,7,0,Isocortex_layer23,raw/janelia_mouselight/swc/AA1124.swc,AA1124.swc,false,adc231b671307360913ff5978a3e0c79c327039534f4f8d903da064a22d5c51e
jml4,jml4/AA1131.swc,train,1117,3,1,Isocortex_layer5,raw/janelia_mouselight/swc/AA1131.swc,AA1131.swc,false,adc40e614b6395d79591dd472860db4abe29b44744952963fab00cf868da6105
jml4,jml4/AA1144.swc,train,1121,5,0,Isocortex_layer23,raw/janelia_mouselight/swc/AA1144.swc,AA1144.swc,false,d4e976b2fc0a00e1daccc4ff684f478721179e4f58e70e031b71f1b7a9980e2e
jml4,jml4/AA1145.swc,train,1122,3,0,Isocortex_layer23,raw/janelia_mouselight/swc/AA1145.swc,AA1145.swc,false,259289d1a5b295654eea3161e3f8a45128d8be07eaea1be47d362fcdd493d912
jml4,jml4/AA1156.swc,test,1125,9,0,Isocortex_layer23,raw/janelia_mouselight/swc/AA1156.swc,AA1156.swc,false,cbde3c15e6cf42cf374947ac3934a449ed8b766a75dd40bd68dc63dffab37283
jml4,jml4/AA1157.swc,test,1126,9,3,VPM,raw/janelia_mouselight/swc/AA1157.swc,AA1157.swc,false,c6738360dc49506791abfb69bcc29a47da206f3b83a5e979d2f5e8da68ec65a6
jml4,jml4/AA1158.swc,test,1127,8,3,VPM,raw/janelia_mouselight/swc/AA1158.swc,AA1158.swc,false,988a0b1f51ee94534ce283f2c42877d777b089705541c7550f9c8a6a3b1be2df
jml4,jml4/AA1167.swc,train,1132,4,0,Isocortex_layer23,raw/janelia_mouselight/swc/AA1167.swc,AA1167.swc,false,0cd44b2e3dd151eebe859d8083895075ba8178fe9ca197c3a989e457e043b6da
jml4,jml4/AA1176.swc,train,1138,7,3,VPM,raw/janelia_mouselight/swc/AA1176.swc,AA1176.swc,false,71f91f67cf1fdbd95df31b38aeb3ded1fc6ed2855691e36feef57aa8bd9cdba2
jml4,jml4/AA1182.swc,train,1142,0,1,Isocortex_layer5,raw/janelia_mouselight/swc/AA1182.swc,AA1182.swc,false,84f2fef9ba7c07adc710aaf333a76c3d39b5d52272cfbe4f1f592797fbad350d
jml4,jml4/AA1184.swc,train,1143,6,3,VPM,raw/janelia_mouselight/swc/AA1184.swc,AA1184.swc,false,d229366caa7020ff9d239cdd013056aef8effd48d4f71a02db82b103ff355e02
jml4,jml4/AA1224.swc,train,1154,3,3,VPM,raw/janelia_mouselight/swc/AA1224.swc,AA1224.swc,false,e6850d0f6dfc63856e12ca6e61879e60c5c4f3eb8d86307c766e4a0d60663372
jml4,jml4/AA1227.swc,train,1157,4,3,VPM,raw/janelia_mouselight/swc/AA1227.swc,AA1227.swc,false,e9547fa0046654e47372759c463c6ac2d13e7a4156ec8ba918e4866cac922654
jml4,jml4/AA1228.swc,train,1158,1,3,VPM,raw/janelia_mouselight/swc/AA1228.swc,AA1228.swc,false,a45fb77475831e34cc776d3d509b6ad2ac14839197ba98d8d19df646426c01c4
jml4,jml4/AA1231.swc,train,1159,5,3,VPM,raw/janelia_mouselight/swc/AA1231.swc,AA1231.swc,false,19ee5ed4bd7d4c8b852e66d149026f6dfb608fa18b5fc76ae4478f83bdacd851
jml4,jml4/AA1232.swc,train,1160,4,3,VPM,raw/janelia_mouselight/swc/AA1232.swc,AA1232.swc,false,3d05c1b07a3c40b7a30989da86d3128dde5d86c334f70665270dbc68ca12960f
jml4,jml4/AA1233.swc,train,1161,7,3,VPM,raw/janelia_mouselight/swc/AA1233.swc,AA1233.swc,false,633986ccf18425c415a772611b9d40d7fc35167928639eb87029906c790ba961
jml4,jml4/AA1248.swc,train,1165,5,1,Isocortex_layer5,raw/janelia_mouselight/swc/AA1248.swc,AA1248.swc,false,8baf00cca685f3bc8c0beaf6b44ff609f7da6f237b475b7e514be88696e6cb7c
jml4,jml4/AA1258.swc,train,1168,6,3,VPM,raw/janelia_mouselight/swc/AA1258.swc,AA1258.swc,false,5a7bcf65efca010eeebb44b1453388edfd0467687ccf3440523e01c5b21208e8
jml4,jml4/AA1286.swc,train,1170,6,0,Isocortex_layer23,raw/janelia_mouselight/swc/AA1286.swc,AA1286.swc,false,d33b765664061f962f6fbd5936010b23117eb60cd4bcd31e71dce86621967c40
jml4,jml4/AA1304.swc,test,1174,8,1,Isocortex_layer5,raw/janelia_mouselight/swc/AA1304.swc,AA1304.swc,false,f50bfbc1217df0b3a984d514c6c4daad960c51dafb96663e6afbc9b1907306b1
jml4,jml4/AA1319.swc,train,1175,0,1,Isocortex_layer5,raw/janelia_mouselight/swc/AA1319.swc,AA1319.swc,false,713ad4d0573ea2b398c60930452d4cfbc4c974bcc3209e3ed8601262f6f5536c
jml4,jml4/AA1438.swc,train,1186,3,3,VPM,raw/janelia_mouselight/swc/AA1438.swc,AA1438.swc,false,f638605675a4e5fd7f5095f159b302d1739a32ce18c2beef2849d29b13531d11
jml4,jml4/AA1476.swc,train,1198,4,0,Isocortex_layer23,raw/janelia_mouselight/swc/AA1476.swc,AA1476.swc,false,b8c5a4b4046ecf434fec706c8d26a473140b2e135a463e9342a9105efdacc389
jml4,jml4/AA1481.swc,train,1200,6,1,Isocortex_layer5,raw/janelia_mouselight/swc/AA1481.swc,AA1481.swc,false,e46ea1b2414ed2cf75fed98827803bae39dfbd4158be41af0402cdfbf1550969
jml4,jml4/AA1494.swc,train,1205,5,0,Isocortex_layer23,raw/janelia_mouselight/swc/AA1494.swc,AA1494.swc,false,c36a6fcb9190855da1b5306c95133bb254d0a01d1deee6d491ccd733f68a331c
jml4,jml4/AA1537.swc,train,1215,5,1,Isocortex_layer5,raw/janelia_mouselight/swc/AA1537.swc,AA1537.swc,false,e3e18d7241602ebe7cb9ae47589b017366ff33ca397ea8b3293a26829729d509
jml4,jml4/AA1538.swc,test,1216,8,2,Isocortex_layer6,raw/janelia_mouselight/swc/AA1538.swc,AA1538.swc,false,d7d6dd62070621cf23c4b1ce942e16c1f8c5e199745e93d0cafd15e8ad8b4a7e
jml4,jml4/AA1540.swc,train,1218,0,1,Isocortex_layer5,raw/janelia_mouselight/swc/AA1540.swc,AA1540.swc,false,46093c4d7696c3d34ddb4260334471056c7d8d2f6f71c7b62722e7288b5d14aa
jml4,jml4/AA1541.swc,train,1219,2,1,Isocortex_layer5,raw/janelia_mouselight/swc/AA1541.swc,AA1541.swc,false,96baa573573c9d26a8211e2d3d2faaee8d6924357eaa76241363bba911e1160f
jml4,jml4/AA1543.swc,train,1221,0,1,Isocortex_layer5,raw/janelia_mouselight/swc/AA1543.swc,AA1543.swc,false,b3baf8fa843463fc0bc920013618bdd08b2c6357b0e8a0444df800e1100fb56c
jml4,jml4/AA1544.swc,train,1222,1,1,Isocortex_layer5,raw/janelia_mouselight/swc/AA1544.swc,AA1544.swc,false,89418ddb349b9a0c152905b833bdc1b99ddd0a21c175c56d47b2067e62d2b8b5
jml4,jml4/AA1545.swc,test,1223,8,3,VPM,raw/janelia_mouselight/swc/AA1545.swc,AA1545.swc,false,8cfff63592a07c798cfbbb797d4cb7a7cf815007d4c4c976596a3f511869938e
jml4,jml4/AA1547.swc,test,1225,9,3,VPM,raw/janelia_mouselight/swc/AA1547.swc,AA1547.swc,false,289663a28abc5bd14b80d46e32d3a1dd3f4419fcbd691ce45b4cb855903cb45e
